source name	characteristics[organism]	characteristics[organism part]	characteristics[cell type]	characteristics[cell line]	characteristics[disease]	characteristics[biological replicate]	assay name	comment[data file]	comment[file uri]	comment[technical replicate]	comment[fraction identifier]	comment[label]	comment[instrument]	comment[cleavage agent details]	comment[modification parameters]	comment[modification parameters]	comment[modification parameters]	comment[dissociation method]	comment[collision energy]	comment[precursor mass tolerance]	comment[fragment mass tolerance]	factor value[cell line]
PXD021482-Sample-1	Homo sapiens	Cell culture	not available	D283 Med	brain cancer	1	run 1	20200721_cell_1.mzML	ftp://massive.ucsd.edu/MSV000087678/ccms_peak/RAW/20200721_cell_1.mzML	1	1	NT=label free sample;AC=MS:1002038	NT=Orbitrap Fusion Lumos;AC=MS:1002732	NT=Trypsin;AC=MS:1001251	NT=Carbamidomethyl;AC=UNIMOD:4;TA=C;MT=Fixed	NT=Oxidation;MT=Variable;TA=M;AC=UNIMOD:35	"NT=Deamidated;MT=Variable;TA=Q,N;AC=UNIMOD:7"	not available	not available	20 ppm	0.05 Da	D283 Med
PXD021482-Sample-1	Homo sapiens	Cell culture	not available	D283 Med	brain cancer	1	run 2	20200721_cell_2.mzML	ftp://massive.ucsd.edu/MSV000087678/ccms_peak/RAW/20200721_cell_2.mzML	1	2	NT=label free sample;AC=MS:1002038	NT=Orbitrap Fusion Lumos;AC=MS:1002732	NT=Trypsin;AC=MS:1001251	NT=Carbamidomethyl;AC=UNIMOD:4;TA=C;MT=Fixed	NT=Oxidation;MT=Variable;TA=M;AC=UNIMOD:35	"NT=Deamidated;MT=Variable;TA=Q,N;AC=UNIMOD:7"	not available	not available	20 ppm	0.05 Da	D283 Med
PXD021482-Sample-1	Homo sapiens	Cell culture	not available	D283 Med	brain cancer	1	run 3	20200721_cell_3.mzML	ftp://massive.ucsd.edu/MSV000087678/ccms_peak/RAW/20200721_cell_3.mzML	1	3	NT=label free sample;AC=MS:1002038	NT=Orbitrap Fusion Lumos;AC=MS:1002732	NT=Trypsin;AC=MS:1001251	NT=Carbamidomethyl;AC=UNIMOD:4;TA=C;MT=Fixed	NT=Oxidation;MT=Variable;TA=M;AC=UNIMOD:35	"NT=Deamidated;MT=Variable;TA=Q,N;AC=UNIMOD:7"	not available	not available	20 ppm	0.05 Da	D283 Med
PXD021482-Sample-1	Homo sapiens	Cell culture	not available	D283 Med	brain cancer	1	run 4	20200721_cell_4.mzML	ftp://massive.ucsd.edu/MSV000087678/ccms_peak/RAW/20200721_cell_4.mzML	1	4	NT=label free sample;AC=MS:1002038	NT=Orbitrap Fusion Lumos;AC=MS:1002732	NT=Trypsin;AC=MS:1001251	NT=Carbamidomethyl;AC=UNIMOD:4;TA=C;MT=Fixed	NT=Oxidation;MT=Variable;TA=M;AC=UNIMOD:35	"NT=Deamidated;MT=Variable;TA=Q,N;AC=UNIMOD:7"	not available	not available	20 ppm	0.05 Da	D283 Med
PXD021482-Sample-1	Homo sapiens	Cell culture	not available	D283 Med	brain cancer	1	run 5	20200721_cell_5.mzML	ftp://massive.ucsd.edu/MSV000087678/ccms_peak/RAW/20200721_cell_5.mzML	1	5	NT=label free sample;AC=MS:1002038	NT=Orbitrap Fusion Lumos;AC=MS:1002732	NT=Trypsin;AC=MS:1001251	NT=Carbamidomethyl;AC=UNIMOD:4;TA=C;MT=Fixed	NT=Oxidation;MT=Variable;TA=M;AC=UNIMOD:35	"NT=Deamidated;MT=Variable;TA=Q,N;AC=UNIMOD:7"	not available	not available	20 ppm	0.05 Da	D283 Med
PXD021482-Sample-1	Homo sapiens	Cell culture	not available	D283 Med	brain cancer	1	run 6	20200721_cell_6.mzML	ftp://massive.ucsd.edu/MSV000087678/ccms_peak/RAW/20200721_cell_6.mzML	1	6	NT=label free sample;AC=MS:1002038	NT=Orbitrap Fusion Lumos;AC=MS:1002732	NT=Trypsin;AC=MS:1001251	NT=Carbamidomethyl;AC=UNIMOD:4;TA=C;MT=Fixed	NT=Oxidation;MT=Variable;TA=M;AC=UNIMOD:35	"NT=Deamidated;MT=Variable;TA=Q,N;AC=UNIMOD:7"	not available	not available	20 ppm	0.05 Da	D283 Med
PXD021482-Sample-1	Homo sapiens	Cell culture	not available	D283 Med	brain cancer	1	run 7	20200721_cell_7.mzML	ftp://massive.ucsd.edu/MSV000087678/ccms_peak/RAW/20200721_cell_7.mzML	1	7	NT=label free sample;AC=MS:1002038	NT=Orbitrap Fusion Lumos;AC=MS:1002732	NT=Trypsin;AC=MS:1001251	NT=Carbamidomethyl;AC=UNIMOD:4;TA=C;MT=Fixed	NT=Oxidation;MT=Variable;TA=M;AC=UNIMOD:35	"NT=Deamidated;MT=Variable;TA=Q,N;AC=UNIMOD:7"	not available	not available	20 ppm	0.05 Da	D283 Med
PXD021482-Sample-1	Homo sapiens	Cell culture	not available	D283 Med	brain cancer	1	run 8	20200721_cell_8.mzML	ftp://massive.ucsd.edu/MSV000087678/ccms_peak/RAW/20200721_cell_8.mzML	1	8	NT=label free sample;AC=MS:1002038	NT=Orbitrap Fusion Lumos;AC=MS:1002732	NT=Trypsin;AC=MS:1001251	NT=Carbamidomethyl;AC=UNIMOD:4;TA=C;MT=Fixed	NT=Oxidation;MT=Variable;TA=M;AC=UNIMOD:35	"NT=Deamidated;MT=Variable;TA=Q,N;AC=UNIMOD:7"	not available	not available	20 ppm	0.05 Da	D283 Med
PXD021482-Sample-1	Homo sapiens	Cell culture	not available	D283 Med	brain cancer	1	run 9	20200721_cell_9.mzML	ftp://massive.ucsd.edu/MSV000087678/ccms_peak/RAW/20200721_cell_9.mzML	1	9	NT=label free sample;AC=MS:1002038	NT=Orbitrap Fusion Lumos;AC=MS:1002732	NT=Trypsin;AC=MS:1001251	NT=Carbamidomethyl;AC=UNIMOD:4;TA=C;MT=Fixed	NT=Oxidation;MT=Variable;TA=M;AC=UNIMOD:35	"NT=Deamidated;MT=Variable;TA=Q,N;AC=UNIMOD:7"	not available	not available	20 ppm	0.05 Da	D283 Med
PXD021482-Sample-1	Homo sapiens	Cell culture	not available	D283 Med	brain cancer	1	run 10	20200721_cell_10.mzML	ftp://massive.ucsd.edu/MSV000087678/ccms_peak/RAW/20200721_cell_10.mzML	1	10	NT=label free sample;AC=MS:1002038	NT=Orbitrap Fusion Lumos;AC=MS:1002732	NT=Trypsin;AC=MS:1001251	NT=Carbamidomethyl;AC=UNIMOD:4;TA=C;MT=Fixed	NT=Oxidation;MT=Variable;TA=M;AC=UNIMOD:35	"NT=Deamidated;MT=Variable;TA=Q,N;AC=UNIMOD:7"	not available	not available	20 ppm	0.05 Da	D283 Med
PXD021482-Sample-1	Homo sapiens	Cell culture	not available	D283 Med	brain cancer	1	run 11	20200721_cell_11.mzML	ftp://massive.ucsd.edu/MSV000087678/ccms_peak/RAW/20200721_cell_11.mzML	1	11	NT=label free sample;AC=MS:1002038	NT=Orbitrap Fusion Lumos;AC=MS:1002732	NT=Trypsin;AC=MS:1001251	NT=Carbamidomethyl;AC=UNIMOD:4;TA=C;MT=Fixed	NT=Oxidation;MT=Variable;TA=M;AC=UNIMOD:35	"NT=Deamidated;MT=Variable;TA=Q,N;AC=UNIMOD:7"	not available	not available	20 ppm	0.05 Da	D283 Med
PXD021482-Sample-1	Homo sapiens	Cell culture	not available	D283 Med	brain cancer	1	run 12	20200721_cell_12.mzML	ftp://massive.ucsd.edu/MSV000087678/ccms_peak/RAW/20200721_cell_12.mzML	1	12	NT=label free sample;AC=MS:1002038	NT=Orbitrap Fusion Lumos;AC=MS:1002732	NT=Trypsin;AC=MS:1001251	NT=Carbamidomethyl;AC=UNIMOD:4;TA=C;MT=Fixed	NT=Oxidation;MT=Variable;TA=M;AC=UNIMOD:35	"NT=Deamidated;MT=Variable;TA=Q,N;AC=UNIMOD:7"	not available	not available	20 ppm	0.05 Da	D283 Med
PXD021482-Sample-1	Homo sapiens	Cell culture	not available	D283 Med	brain cancer	1	run 13	20200721_cell_13.mzML	ftp://massive.ucsd.edu/MSV000087678/ccms_peak/RAW/20200721_cell_13.mzML	1	13	NT=label free sample;AC=MS:1002038	NT=Orbitrap Fusion Lumos;AC=MS:1002732	NT=Trypsin;AC=MS:1001251	NT=Carbamidomethyl;AC=UNIMOD:4;TA=C;MT=Fixed	NT=Oxidation;MT=Variable;TA=M;AC=UNIMOD:35	"NT=Deamidated;MT=Variable;TA=Q,N;AC=UNIMOD:7"	not available	not available	20 ppm	0.05 Da	D283 Med
PXD021482-Sample-1	Homo sapiens	Cell culture	not available	D283 Med	brain cancer	1	run 14	20200721_cell_14.mzML	ftp://massive.ucsd.edu/MSV000087678/ccms_peak/RAW/20200721_cell_14.mzML	1	14	NT=label free sample;AC=MS:1002038	NT=Orbitrap Fusion Lumos;AC=MS:1002732	NT=Trypsin;AC=MS:1001251	NT=Carbamidomethyl;AC=UNIMOD:4;TA=C;MT=Fixed	NT=Oxidation;MT=Variable;TA=M;AC=UNIMOD:35	"NT=Deamidated;MT=Variable;TA=Q,N;AC=UNIMOD:7"	not available	not available	20 ppm	0.05 Da	D283 Med
PXD021482-Sample-1	Homo sapiens	Cell culture	not available	D283 Med	brain cancer	1	run 15	20200721_cell_15.mzML	ftp://massive.ucsd.edu/MSV000087678/ccms_peak/RAW/20200721_cell_15.mzML	1	15	NT=label free sample;AC=MS:1002038	NT=Orbitrap Fusion Lumos;AC=MS:1002732	NT=Trypsin;AC=MS:1001251	NT=Carbamidomethyl;AC=UNIMOD:4;TA=C;MT=Fixed	NT=Oxidation;MT=Variable;TA=M;AC=UNIMOD:35	"NT=Deamidated;MT=Variable;TA=Q,N;AC=UNIMOD:7"	not available	not available	20 ppm	0.05 Da	D283 Med
PXD021482-Sample-1	Homo sapiens	Cell culture	not available	D283 Med	brain cancer	1	run 16	20200721_cell_16.mzML	ftp://massive.ucsd.edu/MSV000087678/ccms_peak/RAW/20200721_cell_16.mzML	1	16	NT=label free sample;AC=MS:1002038	NT=Orbitrap Fusion Lumos;AC=MS:1002732	NT=Trypsin;AC=MS:1001251	NT=Carbamidomethyl;AC=UNIMOD:4;TA=C;MT=Fixed	NT=Oxidation;MT=Variable;TA=M;AC=UNIMOD:35	"NT=Deamidated;MT=Variable;TA=Q,N;AC=UNIMOD:7"	not available	not available	20 ppm	0.05 Da	D283 Med
PXD021482-Sample-1	Homo sapiens	Cell culture	not available	D283 Med	brain cancer	1	run 17	20200721_cell_17.mzML	ftp://massive.ucsd.edu/MSV000087678/ccms_peak/RAW/20200721_cell_17.mzML	1	17	NT=label free sample;AC=MS:1002038	NT=Orbitrap Fusion Lumos;AC=MS:1002732	NT=Trypsin;AC=MS:1001251	NT=Carbamidomethyl;AC=UNIMOD:4;TA=C;MT=Fixed	NT=Oxidation;MT=Variable;TA=M;AC=UNIMOD:35	"NT=Deamidated;MT=Variable;TA=Q,N;AC=UNIMOD:7"	not available	not available	20 ppm	0.05 Da	D283 Med
PXD021482-Sample-1	Homo sapiens	Cell culture	not available	D283 Med	brain cancer	1	run 18	20200721_cell_18.mzML	ftp://massive.ucsd.edu/MSV000087678/ccms_peak/RAW/20200721_cell_18.mzML	1	18	NT=label free sample;AC=MS:1002038	NT=Orbitrap Fusion Lumos;AC=MS:1002732	NT=Trypsin;AC=MS:1001251	NT=Carbamidomethyl;AC=UNIMOD:4;TA=C;MT=Fixed	NT=Oxidation;MT=Variable;TA=M;AC=UNIMOD:35	"NT=Deamidated;MT=Variable;TA=Q,N;AC=UNIMOD:7"	not available	not available	20 ppm	0.05 Da	D283 Med
PXD021482-Sample-1	Homo sapiens	Cell culture	not available	D283 Med	brain cancer	1	run 19	20200721_cell_19.mzML	ftp://massive.ucsd.edu/MSV000087678/ccms_peak/RAW/20200721_cell_19.mzML	1	19	NT=label free sample;AC=MS:1002038	NT=Orbitrap Fusion Lumos;AC=MS:1002732	NT=Trypsin;AC=MS:1001251	NT=Carbamidomethyl;AC=UNIMOD:4;TA=C;MT=Fixed	NT=Oxidation;MT=Variable;TA=M;AC=UNIMOD:35	"NT=Deamidated;MT=Variable;TA=Q,N;AC=UNIMOD:7"	not available	not available	20 ppm	0.05 Da	D283 Med
PXD021482-Sample-1	Homo sapiens	Cell culture	not available	D283 Med	brain cancer	1	run 20	20200721_cell_20.mzML	ftp://massive.ucsd.edu/MSV000087678/ccms_peak/RAW/20200721_cell_20.mzML	1	20	NT=label free sample;AC=MS:1002038	NT=Orbitrap Fusion Lumos;AC=MS:1002732	NT=Trypsin;AC=MS:1001251	NT=Carbamidomethyl;AC=UNIMOD:4;TA=C;MT=Fixed	NT=Oxidation;MT=Variable;TA=M;AC=UNIMOD:35	"NT=Deamidated;MT=Variable;TA=Q,N;AC=UNIMOD:7"	not available	not available	20 ppm	0.05 Da	D283 Med
PXD021482-Sample-2	Homo sapiens	Cell culture	not available	D283 Med	brain cancer	1	run 21	20200724_cell_1.mzML	ftp://massive.ucsd.edu/MSV000087678/ccms_peak/RAW/20200724_cell_1.mzML	1	1	NT=label free sample;AC=MS:1002038	NT=Orbitrap Fusion Lumos;AC=MS:1002732	NT=Trypsin;AC=MS:1001251	NT=Carbamidomethyl;AC=UNIMOD:4;TA=C;MT=Fixed	NT=Oxidation;MT=Variable;TA=M;AC=UNIMOD:35	"NT=Deamidated;MT=Variable;TA=Q,N;AC=UNIMOD:7"	not available	not available	20 ppm	0.05 Da	D283 Med
PXD021482-Sample-2	Homo sapiens	Cell culture	not available	D283 Med	brain cancer	1	run 22	20200724_cell_2.mzML	ftp://massive.ucsd.edu/MSV000087678/ccms_peak/RAW/20200724_cell_2.mzML	1	2	NT=label free sample;AC=MS:1002038	NT=Orbitrap Fusion Lumos;AC=MS:1002732	NT=Trypsin;AC=MS:1001251	NT=Carbamidomethyl;AC=UNIMOD:4;TA=C;MT=Fixed	NT=Oxidation;MT=Variable;TA=M;AC=UNIMOD:35	"NT=Deamidated;MT=Variable;TA=Q,N;AC=UNIMOD:7"	not available	not available	20 ppm	0.05 Da	D283 Med
PXD021482-Sample-2	Homo sapiens	Cell culture	not available	D283 Med	brain cancer	1	run 23	20200724_cell_3.mzML	ftp://massive.ucsd.edu/MSV000087678/ccms_peak/RAW/20200724_cell_3.mzML	1	3	NT=label free sample;AC=MS:1002038	NT=Orbitrap Fusion Lumos;AC=MS:1002732	NT=Trypsin;AC=MS:1001251	NT=Carbamidomethyl;AC=UNIMOD:4;TA=C;MT=Fixed	NT=Oxidation;MT=Variable;TA=M;AC=UNIMOD:35	"NT=Deamidated;MT=Variable;TA=Q,N;AC=UNIMOD:7"	not available	not available	20 ppm	0.05 Da	D283 Med
PXD021482-Sample-2	Homo sapiens	Cell culture	not available	D283 Med	brain cancer	1	run 24	20200724_cell_4.mzML	ftp://massive.ucsd.edu/MSV000087678/ccms_peak/RAW/20200724_cell_4.mzML	1	4	NT=label free sample;AC=MS:1002038	NT=Orbitrap Fusion Lumos;AC=MS:1002732	NT=Trypsin;AC=MS:1001251	NT=Carbamidomethyl;AC=UNIMOD:4;TA=C;MT=Fixed	NT=Oxidation;MT=Variable;TA=M;AC=UNIMOD:35	"NT=Deamidated;MT=Variable;TA=Q,N;AC=UNIMOD:7"	not available	not available	20 ppm	0.05 Da	D283 Med
PXD021482-Sample-2	Homo sapiens	Cell culture	not available	D283 Med	brain cancer	1	run 25	20200724_cell_5.mzML	ftp://massive.ucsd.edu/MSV000087678/ccms_peak/RAW/20200724_cell_5.mzML	1	5	NT=label free sample;AC=MS:1002038	NT=Orbitrap Fusion Lumos;AC=MS:1002732	NT=Trypsin;AC=MS:1001251	NT=Carbamidomethyl;AC=UNIMOD:4;TA=C;MT=Fixed	NT=Oxidation;MT=Variable;TA=M;AC=UNIMOD:35	"NT=Deamidated;MT=Variable;TA=Q,N;AC=UNIMOD:7"	not available	not available	20 ppm	0.05 Da	D283 Med
PXD021482-Sample-2	Homo sapiens	Cell culture	not available	D283 Med	brain cancer	1	run 26	20200724_cell_6.mzML	ftp://massive.ucsd.edu/MSV000087678/ccms_peak/RAW/20200724_cell_6.mzML	1	6	NT=label free sample;AC=MS:1002038	NT=Orbitrap Fusion Lumos;AC=MS:1002732	NT=Trypsin;AC=MS:1001251	NT=Carbamidomethyl;AC=UNIMOD:4;TA=C;MT=Fixed	NT=Oxidation;MT=Variable;TA=M;AC=UNIMOD:35	"NT=Deamidated;MT=Variable;TA=Q,N;AC=UNIMOD:7"	not available	not available	20 ppm	0.05 Da	D283 Med
PXD021482-Sample-2	Homo sapiens	Cell culture	not available	D283 Med	brain cancer	1	run 27	20200724_cell_7.mzML	ftp://massive.ucsd.edu/MSV000087678/ccms_peak/RAW/20200724_cell_7.mzML	1	7	NT=label free sample;AC=MS:1002038	NT=Orbitrap Fusion Lumos;AC=MS:1002732	NT=Trypsin;AC=MS:1001251	NT=Carbamidomethyl;AC=UNIMOD:4;TA=C;MT=Fixed	NT=Oxidation;MT=Variable;TA=M;AC=UNIMOD:35	"NT=Deamidated;MT=Variable;TA=Q,N;AC=UNIMOD:7"	not available	not available	20 ppm	0.05 Da	D283 Med
PXD021482-Sample-2	Homo sapiens	Cell culture	not available	D283 Med	brain cancer	1	run 28	20200724_cell_8.mzML	ftp://massive.ucsd.edu/MSV000087678/ccms_peak/RAW/20200724_cell_8.mzML	1	8	NT=label free sample;AC=MS:1002038	NT=Orbitrap Fusion Lumos;AC=MS:1002732	NT=Trypsin;AC=MS:1001251	NT=Carbamidomethyl;AC=UNIMOD:4;TA=C;MT=Fixed	NT=Oxidation;MT=Variable;TA=M;AC=UNIMOD:35	"NT=Deamidated;MT=Variable;TA=Q,N;AC=UNIMOD:7"	not available	not available	20 ppm	0.05 Da	D283 Med
PXD021482-Sample-2	Homo sapiens	Cell culture	not available	D283 Med	brain cancer	1	run 29	20200724_cell_9.mzML	ftp://massive.ucsd.edu/MSV000087678/ccms_peak/RAW/20200724_cell_9.mzML	1	9	NT=label free sample;AC=MS:1002038	NT=Orbitrap Fusion Lumos;AC=MS:1002732	NT=Trypsin;AC=MS:1001251	NT=Carbamidomethyl;AC=UNIMOD:4;TA=C;MT=Fixed	NT=Oxidation;MT=Variable;TA=M;AC=UNIMOD:35	"NT=Deamidated;MT=Variable;TA=Q,N;AC=UNIMOD:7"	not available	not available	20 ppm	0.05 Da	D283 Med
PXD021482-Sample-2	Homo sapiens	Cell culture	not available	D283 Med	brain cancer	1	run 30	20200724_cell_10.mzML	ftp://massive.ucsd.edu/MSV000087678/ccms_peak/RAW/20200724_cell_10.mzML	1	10	NT=label free sample;AC=MS:1002038	NT=Orbitrap Fusion Lumos;AC=MS:1002732	NT=Trypsin;AC=MS:1001251	NT=Carbamidomethyl;AC=UNIMOD:4;TA=C;MT=Fixed	NT=Oxidation;MT=Variable;TA=M;AC=UNIMOD:35	"NT=Deamidated;MT=Variable;TA=Q,N;AC=UNIMOD:7"	not available	not available	20 ppm	0.05 Da	D283 Med
PXD021482-Sample-2	Homo sapiens	Cell culture	not available	D283 Med	brain cancer	1	run 31	20200724_cell_11.mzML	ftp://massive.ucsd.edu/MSV000087678/ccms_peak/RAW/20200724_cell_11.mzML	1	11	NT=label free sample;AC=MS:1002038	NT=Orbitrap Fusion Lumos;AC=MS:1002732	NT=Trypsin;AC=MS:1001251	NT=Carbamidomethyl;AC=UNIMOD:4;TA=C;MT=Fixed	NT=Oxidation;MT=Variable;TA=M;AC=UNIMOD:35	"NT=Deamidated;MT=Variable;TA=Q,N;AC=UNIMOD:7"	not available	not available	20 ppm	0.05 Da	D283 Med
PXD021482-Sample-2	Homo sapiens	Cell culture	not available	D283 Med	brain cancer	1	run 32	20200724_cell_12.mzML	ftp://massive.ucsd.edu/MSV000087678/ccms_peak/RAW/20200724_cell_12.mzML	1	12	NT=label free sample;AC=MS:1002038	NT=Orbitrap Fusion Lumos;AC=MS:1002732	NT=Trypsin;AC=MS:1001251	NT=Carbamidomethyl;AC=UNIMOD:4;TA=C;MT=Fixed	NT=Oxidation;MT=Variable;TA=M;AC=UNIMOD:35	"NT=Deamidated;MT=Variable;TA=Q,N;AC=UNIMOD:7"	not available	not available	20 ppm	0.05 Da	D283 Med
PXD021482-Sample-2	Homo sapiens	Cell culture	not available	D283 Med	brain cancer	1	run 33	20200724_cell_13.mzML	ftp://massive.ucsd.edu/MSV000087678/ccms_peak/RAW/20200724_cell_13.mzML	1	13	NT=label free sample;AC=MS:1002038	NT=Orbitrap Fusion Lumos;AC=MS:1002732	NT=Trypsin;AC=MS:1001251	NT=Carbamidomethyl;AC=UNIMOD:4;TA=C;MT=Fixed	NT=Oxidation;MT=Variable;TA=M;AC=UNIMOD:35	"NT=Deamidated;MT=Variable;TA=Q,N;AC=UNIMOD:7"	not available	not available	20 ppm	0.05 Da	D283 Med
PXD021482-Sample-2	Homo sapiens	Cell culture	not available	D283 Med	brain cancer	1	run 34	20200724_cell_14.mzML	ftp://massive.ucsd.edu/MSV000087678/ccms_peak/RAW/20200724_cell_14.mzML	1	14	NT=label free sample;AC=MS:1002038	NT=Orbitrap Fusion Lumos;AC=MS:1002732	NT=Trypsin;AC=MS:1001251	NT=Carbamidomethyl;AC=UNIMOD:4;TA=C;MT=Fixed	NT=Oxidation;MT=Variable;TA=M;AC=UNIMOD:35	"NT=Deamidated;MT=Variable;TA=Q,N;AC=UNIMOD:7"	not available	not available	20 ppm	0.05 Da	D283 Med
PXD021482-Sample-2	Homo sapiens	Cell culture	not available	D283 Med	brain cancer	1	run 35	20200724_cell_15.mzML	ftp://massive.ucsd.edu/MSV000087678/ccms_peak/RAW/20200724_cell_15.mzML	1	15	NT=label free sample;AC=MS:1002038	NT=Orbitrap Fusion Lumos;AC=MS:1002732	NT=Trypsin;AC=MS:1001251	NT=Carbamidomethyl;AC=UNIMOD:4;TA=C;MT=Fixed	NT=Oxidation;MT=Variable;TA=M;AC=UNIMOD:35	"NT=Deamidated;MT=Variable;TA=Q,N;AC=UNIMOD:7"	not available	not available	20 ppm	0.05 Da	D283 Med
PXD021482-Sample-2	Homo sapiens	Cell culture	not available	D283 Med	brain cancer	1	run 36	20200724_cell_16.mzML	ftp://massive.ucsd.edu/MSV000087678/ccms_peak/RAW/20200724_cell_16.mzML	1	16	NT=label free sample;AC=MS:1002038	NT=Orbitrap Fusion Lumos;AC=MS:1002732	NT=Trypsin;AC=MS:1001251	NT=Carbamidomethyl;AC=UNIMOD:4;TA=C;MT=Fixed	NT=Oxidation;MT=Variable;TA=M;AC=UNIMOD:35	"NT=Deamidated;MT=Variable;TA=Q,N;AC=UNIMOD:7"	not available	not available	20 ppm	0.05 Da	D283 Med
PXD021482-Sample-2	Homo sapiens	Cell culture	not available	D283 Med	brain cancer	1	run 37	20200724_cell_17.mzML	ftp://massive.ucsd.edu/MSV000087678/ccms_peak/RAW/20200724_cell_17.mzML	1	17	NT=label free sample;AC=MS:1002038	NT=Orbitrap Fusion Lumos;AC=MS:1002732	NT=Trypsin;AC=MS:1001251	NT=Carbamidomethyl;AC=UNIMOD:4;TA=C;MT=Fixed	NT=Oxidation;MT=Variable;TA=M;AC=UNIMOD:35	"NT=Deamidated;MT=Variable;TA=Q,N;AC=UNIMOD:7"	not available	not available	20 ppm	0.05 Da	D283 Med
PXD021482-Sample-2	Homo sapiens	Cell culture	not available	D283 Med	brain cancer	1	run 38	20200724_cell_18.mzML	ftp://massive.ucsd.edu/MSV000087678/ccms_peak/RAW/20200724_cell_18.mzML	1	18	NT=label free sample;AC=MS:1002038	NT=Orbitrap Fusion Lumos;AC=MS:1002732	NT=Trypsin;AC=MS:1001251	NT=Carbamidomethyl;AC=UNIMOD:4;TA=C;MT=Fixed	NT=Oxidation;MT=Variable;TA=M;AC=UNIMOD:35	"NT=Deamidated;MT=Variable;TA=Q,N;AC=UNIMOD:7"	not available	not available	20 ppm	0.05 Da	D283 Med
PXD021482-Sample-2	Homo sapiens	Cell culture	not available	D283 Med	brain cancer	1	run 39	20200724_cell_19.mzML	ftp://massive.ucsd.edu/MSV000087678/ccms_peak/RAW/20200724_cell_19.mzML	1	19	NT=label free sample;AC=MS:1002038	NT=Orbitrap Fusion Lumos;AC=MS:1002732	NT=Trypsin;AC=MS:1001251	NT=Carbamidomethyl;AC=UNIMOD:4;TA=C;MT=Fixed	NT=Oxidation;MT=Variable;TA=M;AC=UNIMOD:35	"NT=Deamidated;MT=Variable;TA=Q,N;AC=UNIMOD:7"	not available	not available	20 ppm	0.05 Da	D283 Med
PXD021482-Sample-2	Homo sapiens	Cell culture	not available	D283 Med	brain cancer	1	run 40	20200724_cell_20.mzML	ftp://massive.ucsd.edu/MSV000087678/ccms_peak/RAW/20200724_cell_20.mzML	1	20	NT=label free sample;AC=MS:1002038	NT=Orbitrap Fusion Lumos;AC=MS:1002732	NT=Trypsin;AC=MS:1001251	NT=Carbamidomethyl;AC=UNIMOD:4;TA=C;MT=Fixed	NT=Oxidation;MT=Variable;TA=M;AC=UNIMOD:35	"NT=Deamidated;MT=Variable;TA=Q,N;AC=UNIMOD:7"	not available	not available	20 ppm	0.05 Da	D283 Med
PXD021482-Sample-3	Homo sapiens	Cell culture	not available	U-118 MG	brain cancer	1	run 41	20200731_118_1.mzML	ftp://massive.ucsd.edu/MSV000087678/ccms_peak/RAW/20200731_118_1.mzML	1	1	NT=label free sample;AC=MS:1002038	NT=Orbitrap Fusion Lumos;AC=MS:1002732	NT=Trypsin;AC=MS:1001251	NT=Carbamidomethyl;AC=UNIMOD:4;TA=C;MT=Fixed	NT=Oxidation;MT=Variable;TA=M;AC=UNIMOD:35	"NT=Deamidated;MT=Variable;TA=Q,N;AC=UNIMOD:7"	not available	not available	20 ppm	0.05 Da	U-118 MG
PXD021482-Sample-3	Homo sapiens	Cell culture	not available	U-118 MG	brain cancer	1	run 42	20200731_118_2.mzML	ftp://massive.ucsd.edu/MSV000087678/ccms_peak/RAW/20200731_118_2.mzML	1	2	NT=label free sample;AC=MS:1002038	NT=Orbitrap Fusion Lumos;AC=MS:1002732	NT=Trypsin;AC=MS:1001251	NT=Carbamidomethyl;AC=UNIMOD:4;TA=C;MT=Fixed	NT=Oxidation;MT=Variable;TA=M;AC=UNIMOD:35	"NT=Deamidated;MT=Variable;TA=Q,N;AC=UNIMOD:7"	not available	not available	20 ppm	0.05 Da	U-118 MG
PXD021482-Sample-3	Homo sapiens	Cell culture	not available	U-118 MG	brain cancer	1	run 43	20200731_118_3.mzML	ftp://massive.ucsd.edu/MSV000087678/ccms_peak/RAW/20200731_118_3.mzML	1	3	NT=label free sample;AC=MS:1002038	NT=Orbitrap Fusion Lumos;AC=MS:1002732	NT=Trypsin;AC=MS:1001251	NT=Carbamidomethyl;AC=UNIMOD:4;TA=C;MT=Fixed	NT=Oxidation;MT=Variable;TA=M;AC=UNIMOD:35	"NT=Deamidated;MT=Variable;TA=Q,N;AC=UNIMOD:7"	not available	not available	20 ppm	0.05 Da	U-118 MG
PXD021482-Sample-3	Homo sapiens	Cell culture	not available	U-118 MG	brain cancer	1	run 44	20200731_118_4.mzML	ftp://massive.ucsd.edu/MSV000087678/ccms_peak/RAW/20200731_118_4.mzML	1	4	NT=label free sample;AC=MS:1002038	NT=Orbitrap Fusion Lumos;AC=MS:1002732	NT=Trypsin;AC=MS:1001251	NT=Carbamidomethyl;AC=UNIMOD:4;TA=C;MT=Fixed	NT=Oxidation;MT=Variable;TA=M;AC=UNIMOD:35	"NT=Deamidated;MT=Variable;TA=Q,N;AC=UNIMOD:7"	not available	not available	20 ppm	0.05 Da	U-118 MG
PXD021482-Sample-3	Homo sapiens	Cell culture	not available	U-118 MG	brain cancer	1	run 45	20200731_118_5.mzML	ftp://massive.ucsd.edu/MSV000087678/ccms_peak/RAW/20200731_118_5.mzML	1	5	NT=label free sample;AC=MS:1002038	NT=Orbitrap Fusion Lumos;AC=MS:1002732	NT=Trypsin;AC=MS:1001251	NT=Carbamidomethyl;AC=UNIMOD:4;TA=C;MT=Fixed	NT=Oxidation;MT=Variable;TA=M;AC=UNIMOD:35	"NT=Deamidated;MT=Variable;TA=Q,N;AC=UNIMOD:7"	not available	not available	20 ppm	0.05 Da	U-118 MG
PXD021482-Sample-3	Homo sapiens	Cell culture	not available	U-118 MG	brain cancer	1	run 46	20200731_118_6.mzML	ftp://massive.ucsd.edu/MSV000087678/ccms_peak/RAW/20200731_118_6.mzML	1	6	NT=label free sample;AC=MS:1002038	NT=Orbitrap Fusion Lumos;AC=MS:1002732	NT=Trypsin;AC=MS:1001251	NT=Carbamidomethyl;AC=UNIMOD:4;TA=C;MT=Fixed	NT=Oxidation;MT=Variable;TA=M;AC=UNIMOD:35	"NT=Deamidated;MT=Variable;TA=Q,N;AC=UNIMOD:7"	not available	not available	20 ppm	0.05 Da	U-118 MG
PXD021482-Sample-3	Homo sapiens	Cell culture	not available	U-118 MG	brain cancer	1	run 47	20200731_118_7.mzML	ftp://massive.ucsd.edu/MSV000087678/ccms_peak/RAW/20200731_118_7.mzML	1	7	NT=label free sample;AC=MS:1002038	NT=Orbitrap Fusion Lumos;AC=MS:1002732	NT=Trypsin;AC=MS:1001251	NT=Carbamidomethyl;AC=UNIMOD:4;TA=C;MT=Fixed	NT=Oxidation;MT=Variable;TA=M;AC=UNIMOD:35	"NT=Deamidated;MT=Variable;TA=Q,N;AC=UNIMOD:7"	not available	not available	20 ppm	0.05 Da	U-118 MG
PXD021482-Sample-3	Homo sapiens	Cell culture	not available	U-118 MG	brain cancer	1	run 48	20200731_118_8.mzML	ftp://massive.ucsd.edu/MSV000087678/ccms_peak/RAW/20200731_118_8.mzML	1	8	NT=label free sample;AC=MS:1002038	NT=Orbitrap Fusion Lumos;AC=MS:1002732	NT=Trypsin;AC=MS:1001251	NT=Carbamidomethyl;AC=UNIMOD:4;TA=C;MT=Fixed	NT=Oxidation;MT=Variable;TA=M;AC=UNIMOD:35	"NT=Deamidated;MT=Variable;TA=Q,N;AC=UNIMOD:7"	not available	not available	20 ppm	0.05 Da	U-118 MG
PXD021482-Sample-3	Homo sapiens	Cell culture	not available	U-118 MG	brain cancer	1	run 49	20200731_118_9.mzML	ftp://massive.ucsd.edu/MSV000087678/ccms_peak/RAW/20200731_118_9.mzML	1	9	NT=label free sample;AC=MS:1002038	NT=Orbitrap Fusion Lumos;AC=MS:1002732	NT=Trypsin;AC=MS:1001251	NT=Carbamidomethyl;AC=UNIMOD:4;TA=C;MT=Fixed	NT=Oxidation;MT=Variable;TA=M;AC=UNIMOD:35	"NT=Deamidated;MT=Variable;TA=Q,N;AC=UNIMOD:7"	not available	not available	20 ppm	0.05 Da	U-118 MG
PXD021482-Sample-3	Homo sapiens	Cell culture	not available	U-118 MG	brain cancer	1	run 50	20200731_118_10.mzML	ftp://massive.ucsd.edu/MSV000087678/ccms_peak/RAW/20200731_118_10.mzML	1	10	NT=label free sample;AC=MS:1002038	NT=Orbitrap Fusion Lumos;AC=MS:1002732	NT=Trypsin;AC=MS:1001251	NT=Carbamidomethyl;AC=UNIMOD:4;TA=C;MT=Fixed	NT=Oxidation;MT=Variable;TA=M;AC=UNIMOD:35	"NT=Deamidated;MT=Variable;TA=Q,N;AC=UNIMOD:7"	not available	not available	20 ppm	0.05 Da	U-118 MG
PXD021482-Sample-3	Homo sapiens	Cell culture	not available	U-118 MG	brain cancer	1	run 51	20200731_118_11.mzML	ftp://massive.ucsd.edu/MSV000087678/ccms_peak/RAW/20200731_118_11.mzML	1	11	NT=label free sample;AC=MS:1002038	NT=Orbitrap Fusion Lumos;AC=MS:1002732	NT=Trypsin;AC=MS:1001251	NT=Carbamidomethyl;AC=UNIMOD:4;TA=C;MT=Fixed	NT=Oxidation;MT=Variable;TA=M;AC=UNIMOD:35	"NT=Deamidated;MT=Variable;TA=Q,N;AC=UNIMOD:7"	not available	not available	20 ppm	0.05 Da	U-118 MG
PXD021482-Sample-3	Homo sapiens	Cell culture	not available	U-118 MG	brain cancer	1	run 52	20200731_118_12.mzML	ftp://massive.ucsd.edu/MSV000087678/ccms_peak/RAW/20200731_118_12.mzML	1	12	NT=label free sample;AC=MS:1002038	NT=Orbitrap Fusion Lumos;AC=MS:1002732	NT=Trypsin;AC=MS:1001251	NT=Carbamidomethyl;AC=UNIMOD:4;TA=C;MT=Fixed	NT=Oxidation;MT=Variable;TA=M;AC=UNIMOD:35	"NT=Deamidated;MT=Variable;TA=Q,N;AC=UNIMOD:7"	not available	not available	20 ppm	0.05 Da	U-118 MG
PXD021482-Sample-3	Homo sapiens	Cell culture	not available	U-118 MG	brain cancer	1	run 53	20200731_118_13.mzML	ftp://massive.ucsd.edu/MSV000087678/ccms_peak/RAW/20200731_118_13.mzML	1	13	NT=label free sample;AC=MS:1002038	NT=Orbitrap Fusion Lumos;AC=MS:1002732	NT=Trypsin;AC=MS:1001251	NT=Carbamidomethyl;AC=UNIMOD:4;TA=C;MT=Fixed	NT=Oxidation;MT=Variable;TA=M;AC=UNIMOD:35	"NT=Deamidated;MT=Variable;TA=Q,N;AC=UNIMOD:7"	not available	not available	20 ppm	0.05 Da	U-118 MG
PXD021482-Sample-3	Homo sapiens	Cell culture	not available	U-118 MG	brain cancer	1	run 54	20200731_118_14.mzML	ftp://massive.ucsd.edu/MSV000087678/ccms_peak/RAW/20200731_118_14.mzML	1	14	NT=label free sample;AC=MS:1002038	NT=Orbitrap Fusion Lumos;AC=MS:1002732	NT=Trypsin;AC=MS:1001251	NT=Carbamidomethyl;AC=UNIMOD:4;TA=C;MT=Fixed	NT=Oxidation;MT=Variable;TA=M;AC=UNIMOD:35	"NT=Deamidated;MT=Variable;TA=Q,N;AC=UNIMOD:7"	not available	not available	20 ppm	0.05 Da	U-118 MG
PXD021482-Sample-3	Homo sapiens	Cell culture	not available	U-118 MG	brain cancer	1	run 55	20200731_118_15.mzML	ftp://massive.ucsd.edu/MSV000087678/ccms_peak/RAW/20200731_118_15.mzML	1	15	NT=label free sample;AC=MS:1002038	NT=Orbitrap Fusion Lumos;AC=MS:1002732	NT=Trypsin;AC=MS:1001251	NT=Carbamidomethyl;AC=UNIMOD:4;TA=C;MT=Fixed	NT=Oxidation;MT=Variable;TA=M;AC=UNIMOD:35	"NT=Deamidated;MT=Variable;TA=Q,N;AC=UNIMOD:7"	not available	not available	20 ppm	0.05 Da	U-118 MG
PXD021482-Sample-3	Homo sapiens	Cell culture	not available	U-118 MG	brain cancer	1	run 56	20200731_118_16.mzML	ftp://massive.ucsd.edu/MSV000087678/ccms_peak/RAW/20200731_118_16.mzML	1	16	NT=label free sample;AC=MS:1002038	NT=Orbitrap Fusion Lumos;AC=MS:1002732	NT=Trypsin;AC=MS:1001251	NT=Carbamidomethyl;AC=UNIMOD:4;TA=C;MT=Fixed	NT=Oxidation;MT=Variable;TA=M;AC=UNIMOD:35	"NT=Deamidated;MT=Variable;TA=Q,N;AC=UNIMOD:7"	not available	not available	20 ppm	0.05 Da	U-118 MG
PXD021482-Sample-3	Homo sapiens	Cell culture	not available	U-118 MG	brain cancer	1	run 57	20200731_118_17.mzML	ftp://massive.ucsd.edu/MSV000087678/ccms_peak/RAW/20200731_118_17.mzML	1	17	NT=label free sample;AC=MS:1002038	NT=Orbitrap Fusion Lumos;AC=MS:1002732	NT=Trypsin;AC=MS:1001251	NT=Carbamidomethyl;AC=UNIMOD:4;TA=C;MT=Fixed	NT=Oxidation;MT=Variable;TA=M;AC=UNIMOD:35	"NT=Deamidated;MT=Variable;TA=Q,N;AC=UNIMOD:7"	not available	not available	20 ppm	0.05 Da	U-118 MG
PXD021482-Sample-3	Homo sapiens	Cell culture	not available	U-118 MG	brain cancer	1	run 58	20200731_118_18.mzML	ftp://massive.ucsd.edu/MSV000087678/ccms_peak/RAW/20200731_118_18.mzML	1	18	NT=label free sample;AC=MS:1002038	NT=Orbitrap Fusion Lumos;AC=MS:1002732	NT=Trypsin;AC=MS:1001251	NT=Carbamidomethyl;AC=UNIMOD:4;TA=C;MT=Fixed	NT=Oxidation;MT=Variable;TA=M;AC=UNIMOD:35	"NT=Deamidated;MT=Variable;TA=Q,N;AC=UNIMOD:7"	not available	not available	20 ppm	0.05 Da	U-118 MG
PXD021482-Sample-3	Homo sapiens	Cell culture	not available	U-118 MG	brain cancer	1	run 59	20200731_118_19.mzML	ftp://massive.ucsd.edu/MSV000087678/ccms_peak/RAW/20200731_118_19.mzML	1	19	NT=label free sample;AC=MS:1002038	NT=Orbitrap Fusion Lumos;AC=MS:1002732	NT=Trypsin;AC=MS:1001251	NT=Carbamidomethyl;AC=UNIMOD:4;TA=C;MT=Fixed	NT=Oxidation;MT=Variable;TA=M;AC=UNIMOD:35	"NT=Deamidated;MT=Variable;TA=Q,N;AC=UNIMOD:7"	not available	not available	20 ppm	0.05 Da	U-118 MG
PXD021482-Sample-3	Homo sapiens	Cell culture	not available	U-118 MG	brain cancer	1	run 60	20200731_118_20.mzML	ftp://massive.ucsd.edu/MSV000087678/ccms_peak/RAW/20200731_118_20.mzML	1	20	NT=label free sample;AC=MS:1002038	NT=Orbitrap Fusion Lumos;AC=MS:1002732	NT=Trypsin;AC=MS:1001251	NT=Carbamidomethyl;AC=UNIMOD:4;TA=C;MT=Fixed	NT=Oxidation;MT=Variable;TA=M;AC=UNIMOD:35	"NT=Deamidated;MT=Variable;TA=Q,N;AC=UNIMOD:7"	not available	not available	20 ppm	0.05 Da	U-118 MG
PXD021482-Sample-4	Homo sapiens	Cell culture	not available	U-118 MG	brain cancer	1	run 61	20200802_118_1.mzML	ftp://massive.ucsd.edu/MSV000087678/ccms_peak/RAW/20200802_118_1.mzML	1	1	NT=label free sample;AC=MS:1002038	NT=Orbitrap Fusion Lumos;AC=MS:1002732	NT=Trypsin;AC=MS:1001251	NT=Carbamidomethyl;AC=UNIMOD:4;TA=C;MT=Fixed	NT=Oxidation;MT=Variable;TA=M;AC=UNIMOD:35	"NT=Deamidated;MT=Variable;TA=Q,N;AC=UNIMOD:7"	not available	not available	20 ppm	0.05 Da	U-118 MG
PXD021482-Sample-4	Homo sapiens	Cell culture	not available	U-118 MG	brain cancer	1	run 62	20200802_118_2.mzML	ftp://massive.ucsd.edu/MSV000087678/ccms_peak/RAW/20200802_118_2.mzML	1	2	NT=label free sample;AC=MS:1002038	NT=Orbitrap Fusion Lumos;AC=MS:1002732	NT=Trypsin;AC=MS:1001251	NT=Carbamidomethyl;AC=UNIMOD:4;TA=C;MT=Fixed	NT=Oxidation;MT=Variable;TA=M;AC=UNIMOD:35	"NT=Deamidated;MT=Variable;TA=Q,N;AC=UNIMOD:7"	not available	not available	20 ppm	0.05 Da	U-118 MG
PXD021482-Sample-4	Homo sapiens	Cell culture	not available	U-118 MG	brain cancer	1	run 63	20200802_118_3.mzML	ftp://massive.ucsd.edu/MSV000087678/ccms_peak/RAW/20200802_118_3.mzML	1	3	NT=label free sample;AC=MS:1002038	NT=Orbitrap Fusion Lumos;AC=MS:1002732	NT=Trypsin;AC=MS:1001251	NT=Carbamidomethyl;AC=UNIMOD:4;TA=C;MT=Fixed	NT=Oxidation;MT=Variable;TA=M;AC=UNIMOD:35	"NT=Deamidated;MT=Variable;TA=Q,N;AC=UNIMOD:7"	not available	not available	20 ppm	0.05 Da	U-118 MG
PXD021482-Sample-4	Homo sapiens	Cell culture	not available	U-118 MG	brain cancer	1	run 64	20200802_118_4.mzML	ftp://massive.ucsd.edu/MSV000087678/ccms_peak/RAW/20200802_118_4.mzML	1	4	NT=label free sample;AC=MS:1002038	NT=Orbitrap Fusion Lumos;AC=MS:1002732	NT=Trypsin;AC=MS:1001251	NT=Carbamidomethyl;AC=UNIMOD:4;TA=C;MT=Fixed	NT=Oxidation;MT=Variable;TA=M;AC=UNIMOD:35	"NT=Deamidated;MT=Variable;TA=Q,N;AC=UNIMOD:7"	not available	not available	20 ppm	0.05 Da	U-118 MG
PXD021482-Sample-4	Homo sapiens	Cell culture	not available	U-118 MG	brain cancer	1	run 65	20200802_118_6.mzML	ftp://massive.ucsd.edu/MSV000087678/ccms_peak/RAW/20200802_118_6.mzML	1	5	NT=label free sample;AC=MS:1002038	NT=Orbitrap Fusion Lumos;AC=MS:1002732	NT=Trypsin;AC=MS:1001251	NT=Carbamidomethyl;AC=UNIMOD:4;TA=C;MT=Fixed	NT=Oxidation;MT=Variable;TA=M;AC=UNIMOD:35	"NT=Deamidated;MT=Variable;TA=Q,N;AC=UNIMOD:7"	not available	not available	20 ppm	0.05 Da	U-118 MG
PXD021482-Sample-4	Homo sapiens	Cell culture	not available	U-118 MG	brain cancer	1	run 66	20200802_118_7.mzML	ftp://massive.ucsd.edu/MSV000087678/ccms_peak/RAW/20200802_118_7.mzML	1	6	NT=label free sample;AC=MS:1002038	NT=Orbitrap Fusion Lumos;AC=MS:1002732	NT=Trypsin;AC=MS:1001251	NT=Carbamidomethyl;AC=UNIMOD:4;TA=C;MT=Fixed	NT=Oxidation;MT=Variable;TA=M;AC=UNIMOD:35	"NT=Deamidated;MT=Variable;TA=Q,N;AC=UNIMOD:7"	not available	not available	20 ppm	0.05 Da	U-118 MG
PXD021482-Sample-4	Homo sapiens	Cell culture	not available	U-118 MG	brain cancer	1	run 67	20200802_118_8.mzML	ftp://massive.ucsd.edu/MSV000087678/ccms_peak/RAW/20200802_118_8.mzML	1	7	NT=label free sample;AC=MS:1002038	NT=Orbitrap Fusion Lumos;AC=MS:1002732	NT=Trypsin;AC=MS:1001251	NT=Carbamidomethyl;AC=UNIMOD:4;TA=C;MT=Fixed	NT=Oxidation;MT=Variable;TA=M;AC=UNIMOD:35	"NT=Deamidated;MT=Variable;TA=Q,N;AC=UNIMOD:7"	not available	not available	20 ppm	0.05 Da	U-118 MG
PXD021482-Sample-4	Homo sapiens	Cell culture	not available	U-118 MG	brain cancer	1	run 68	20200802_118_9.mzML	ftp://massive.ucsd.edu/MSV000087678/ccms_peak/RAW/20200802_118_9.mzML	1	8	NT=label free sample;AC=MS:1002038	NT=Orbitrap Fusion Lumos;AC=MS:1002732	NT=Trypsin;AC=MS:1001251	NT=Carbamidomethyl;AC=UNIMOD:4;TA=C;MT=Fixed	NT=Oxidation;MT=Variable;TA=M;AC=UNIMOD:35	"NT=Deamidated;MT=Variable;TA=Q,N;AC=UNIMOD:7"	not available	not available	20 ppm	0.05 Da	U-118 MG
PXD021482-Sample-4	Homo sapiens	Cell culture	not available	U-118 MG	brain cancer	1	run 69	20200802_118_10.mzML	ftp://massive.ucsd.edu/MSV000087678/ccms_peak/RAW/20200802_118_10.mzML	1	9	NT=label free sample;AC=MS:1002038	NT=Orbitrap Fusion Lumos;AC=MS:1002732	NT=Trypsin;AC=MS:1001251	NT=Carbamidomethyl;AC=UNIMOD:4;TA=C;MT=Fixed	NT=Oxidation;MT=Variable;TA=M;AC=UNIMOD:35	"NT=Deamidated;MT=Variable;TA=Q,N;AC=UNIMOD:7"	not available	not available	20 ppm	0.05 Da	U-118 MG
PXD021482-Sample-4	Homo sapiens	Cell culture	not available	U-118 MG	brain cancer	1	run 70	20200802_118_11.mzML	ftp://massive.ucsd.edu/MSV000087678/ccms_peak/RAW/20200802_118_11.mzML	1	10	NT=label free sample;AC=MS:1002038	NT=Orbitrap Fusion Lumos;AC=MS:1002732	NT=Trypsin;AC=MS:1001251	NT=Carbamidomethyl;AC=UNIMOD:4;TA=C;MT=Fixed	NT=Oxidation;MT=Variable;TA=M;AC=UNIMOD:35	"NT=Deamidated;MT=Variable;TA=Q,N;AC=UNIMOD:7"	not available	not available	20 ppm	0.05 Da	U-118 MG
PXD021482-Sample-4	Homo sapiens	Cell culture	not available	U-118 MG	brain cancer	1	run 71	20200802_118_12.mzML	ftp://massive.ucsd.edu/MSV000087678/ccms_peak/RAW/20200802_118_12.mzML	1	11	NT=label free sample;AC=MS:1002038	NT=Orbitrap Fusion Lumos;AC=MS:1002732	NT=Trypsin;AC=MS:1001251	NT=Carbamidomethyl;AC=UNIMOD:4;TA=C;MT=Fixed	NT=Oxidation;MT=Variable;TA=M;AC=UNIMOD:35	"NT=Deamidated;MT=Variable;TA=Q,N;AC=UNIMOD:7"	not available	not available	20 ppm	0.05 Da	U-118 MG
PXD021482-Sample-4	Homo sapiens	Cell culture	not available	U-118 MG	brain cancer	1	run 72	20200802_118_13.mzML	ftp://massive.ucsd.edu/MSV000087678/ccms_peak/RAW/20200802_118_13.mzML	1	12	NT=label free sample;AC=MS:1002038	NT=Orbitrap Fusion Lumos;AC=MS:1002732	NT=Trypsin;AC=MS:1001251	NT=Carbamidomethyl;AC=UNIMOD:4;TA=C;MT=Fixed	NT=Oxidation;MT=Variable;TA=M;AC=UNIMOD:35	"NT=Deamidated;MT=Variable;TA=Q,N;AC=UNIMOD:7"	not available	not available	20 ppm	0.05 Da	U-118 MG
PXD021482-Sample-4	Homo sapiens	Cell culture	not available	U-118 MG	brain cancer	1	run 73	20200802_118_14.mzML	ftp://massive.ucsd.edu/MSV000087678/ccms_peak/RAW/20200802_118_14.mzML	1	13	NT=label free sample;AC=MS:1002038	NT=Orbitrap Fusion Lumos;AC=MS:1002732	NT=Trypsin;AC=MS:1001251	NT=Carbamidomethyl;AC=UNIMOD:4;TA=C;MT=Fixed	NT=Oxidation;MT=Variable;TA=M;AC=UNIMOD:35	"NT=Deamidated;MT=Variable;TA=Q,N;AC=UNIMOD:7"	not available	not available	20 ppm	0.05 Da	U-118 MG
PXD021482-Sample-4	Homo sapiens	Cell culture	not available	U-118 MG	brain cancer	1	run 74	20200802_118_15.mzML	ftp://massive.ucsd.edu/MSV000087678/ccms_peak/RAW/20200802_118_15.mzML	1	14	NT=label free sample;AC=MS:1002038	NT=Orbitrap Fusion Lumos;AC=MS:1002732	NT=Trypsin;AC=MS:1001251	NT=Carbamidomethyl;AC=UNIMOD:4;TA=C;MT=Fixed	NT=Oxidation;MT=Variable;TA=M;AC=UNIMOD:35	"NT=Deamidated;MT=Variable;TA=Q,N;AC=UNIMOD:7"	not available	not available	20 ppm	0.05 Da	U-118 MG
PXD021482-Sample-4	Homo sapiens	Cell culture	not available	U-118 MG	brain cancer	1	run 75	20200802_118_16.mzML	ftp://massive.ucsd.edu/MSV000087678/ccms_peak/RAW/20200802_118_16.mzML	1	15	NT=label free sample;AC=MS:1002038	NT=Orbitrap Fusion Lumos;AC=MS:1002732	NT=Trypsin;AC=MS:1001251	NT=Carbamidomethyl;AC=UNIMOD:4;TA=C;MT=Fixed	NT=Oxidation;MT=Variable;TA=M;AC=UNIMOD:35	"NT=Deamidated;MT=Variable;TA=Q,N;AC=UNIMOD:7"	not available	not available	20 ppm	0.05 Da	U-118 MG
PXD021482-Sample-4	Homo sapiens	Cell culture	not available	U-118 MG	brain cancer	1	run 76	20200802_118_18.mzML	ftp://massive.ucsd.edu/MSV000087678/ccms_peak/RAW/20200802_118_18.mzML	1	16	NT=label free sample;AC=MS:1002038	NT=Orbitrap Fusion Lumos;AC=MS:1002732	NT=Trypsin;AC=MS:1001251	NT=Carbamidomethyl;AC=UNIMOD:4;TA=C;MT=Fixed	NT=Oxidation;MT=Variable;TA=M;AC=UNIMOD:35	"NT=Deamidated;MT=Variable;TA=Q,N;AC=UNIMOD:7"	not available	not available	20 ppm	0.05 Da	U-118 MG
PXD021482-Sample-4	Homo sapiens	Cell culture	not available	U-118 MG	brain cancer	1	run 77	20200802_118_19.mzML	ftp://massive.ucsd.edu/MSV000087678/ccms_peak/RAW/20200802_118_19.mzML	1	17	NT=label free sample;AC=MS:1002038	NT=Orbitrap Fusion Lumos;AC=MS:1002732	NT=Trypsin;AC=MS:1001251	NT=Carbamidomethyl;AC=UNIMOD:4;TA=C;MT=Fixed	NT=Oxidation;MT=Variable;TA=M;AC=UNIMOD:35	"NT=Deamidated;MT=Variable;TA=Q,N;AC=UNIMOD:7"	not available	not available	20 ppm	0.05 Da	U-118 MG
PXD021482-Sample-4	Homo sapiens	Cell culture	not available	U-118 MG	brain cancer	1	run 78	20200802_118_20.mzML	ftp://massive.ucsd.edu/MSV000087678/ccms_peak/RAW/20200802_118_20.mzML	1	18	NT=label free sample;AC=MS:1002038	NT=Orbitrap Fusion Lumos;AC=MS:1002732	NT=Trypsin;AC=MS:1001251	NT=Carbamidomethyl;AC=UNIMOD:4;TA=C;MT=Fixed	NT=Oxidation;MT=Variable;TA=M;AC=UNIMOD:35	"NT=Deamidated;MT=Variable;TA=Q,N;AC=UNIMOD:7"	not available	not available	20 ppm	0.05 Da	U-118 MG
PXD021482-Sample-5	Homo sapiens	Cell culture	not available	U-118 MG	brain cancer	1	run 79	20200827_118_PRM_14.mzML	ftp://massive.ucsd.edu/MSV000087678/ccms_peak/RAW/20200827_118_PRM_14.mzML	1	1	NT=label free sample;AC=MS:1002038	NT=Orbitrap Fusion Lumos;AC=MS:1002732	NT=Trypsin;AC=MS:1001251	NT=Carbamidomethyl;AC=UNIMOD:4;TA=C;MT=Fixed	NT=Oxidation;MT=Variable;TA=M;AC=UNIMOD:35	"NT=Deamidated;MT=Variable;TA=Q,N;AC=UNIMOD:7"	not available	not available	20 ppm	0.05 Da	U-118 MG
PXD021482-Sample-5	Homo sapiens	Cell culture	not available	U-118 MG	brain cancer	1	run 80	20200827_118_PRM_19.mzML	ftp://massive.ucsd.edu/MSV000087678/ccms_peak/RAW/20200827_118_PRM_19.mzML	1	2	NT=label free sample;AC=MS:1002038	NT=Orbitrap Fusion Lumos;AC=MS:1002732	NT=Trypsin;AC=MS:1001251	NT=Carbamidomethyl;AC=UNIMOD:4;TA=C;MT=Fixed	NT=Oxidation;MT=Variable;TA=M;AC=UNIMOD:35	"NT=Deamidated;MT=Variable;TA=Q,N;AC=UNIMOD:7"	not available	not available	20 ppm	0.05 Da	U-118 MG
PXD021482-Sample-6	Homo sapiens	Cell culture	not available	D283 Med	brain cancer	1	run 81	20200827_cell_PRM_1.mzML	ftp://massive.ucsd.edu/MSV000087678/ccms_peak/RAW/20200827_cell_PRM_1.mzML	1	1	NT=label free sample;AC=MS:1002038	NT=Orbitrap Fusion Lumos;AC=MS:1002732	NT=Trypsin;AC=MS:1001251	NT=Carbamidomethyl;AC=UNIMOD:4;TA=C;MT=Fixed	NT=Oxidation;MT=Variable;TA=M;AC=UNIMOD:35	"NT=Deamidated;MT=Variable;TA=Q,N;AC=UNIMOD:7"	not available	not available	20 ppm	0.05 Da	D283 Med
PXD021482-Sample-6	Homo sapiens	Cell culture	not available	D283 Med	brain cancer	1	run 82	20200827_cell_PRM_2.mzML	ftp://massive.ucsd.edu/MSV000087678/ccms_peak/RAW/20200827_cell_PRM_2.mzML	1	2	NT=label free sample;AC=MS:1002038	NT=Orbitrap Fusion Lumos;AC=MS:1002732	NT=Trypsin;AC=MS:1001251	NT=Carbamidomethyl;AC=UNIMOD:4;TA=C;MT=Fixed	NT=Oxidation;MT=Variable;TA=M;AC=UNIMOD:35	"NT=Deamidated;MT=Variable;TA=Q,N;AC=UNIMOD:7"	not available	not available	20 ppm	0.05 Da	D283 Med
PXD021482-Sample-6	Homo sapiens	Cell culture	not available	D283 Med	brain cancer	1	run 83	20200827_cell_PRM_5.mzML	ftp://massive.ucsd.edu/MSV000087678/ccms_peak/RAW/20200827_cell_PRM_5.mzML	1	3	NT=label free sample;AC=MS:1002038	NT=Orbitrap Fusion Lumos;AC=MS:1002732	NT=Trypsin;AC=MS:1001251	NT=Carbamidomethyl;AC=UNIMOD:4;TA=C;MT=Fixed	NT=Oxidation;MT=Variable;TA=M;AC=UNIMOD:35	"NT=Deamidated;MT=Variable;TA=Q,N;AC=UNIMOD:7"	not available	not available	20 ppm	0.05 Da	D283 Med
PXD021482-Sample-6	Homo sapiens	Cell culture	not available	D283 Med	brain cancer	1	run 84	20200827_cell_PRM_6.mzML	ftp://massive.ucsd.edu/MSV000087678/ccms_peak/RAW/20200827_cell_PRM_6.mzML	1	4	NT=label free sample;AC=MS:1002038	NT=Orbitrap Fusion Lumos;AC=MS:1002732	NT=Trypsin;AC=MS:1001251	NT=Carbamidomethyl;AC=UNIMOD:4;TA=C;MT=Fixed	NT=Oxidation;MT=Variable;TA=M;AC=UNIMOD:35	"NT=Deamidated;MT=Variable;TA=Q,N;AC=UNIMOD:7"	not available	not available	20 ppm	0.05 Da	D283 Med
PXD021482-Sample-6	Homo sapiens	Cell culture	not available	D283 Med	brain cancer	1	run 85	20200813_cell_PRM_7.mzML	ftp://massive.ucsd.edu/MSV000087678/ccms_peak/RAW/20200813_cell_PRM_7.mzML	1	5	NT=label free sample;AC=MS:1002038	NT=Orbitrap Fusion Lumos;AC=MS:1002732	NT=Trypsin;AC=MS:1001251	NT=Carbamidomethyl;AC=UNIMOD:4;TA=C;MT=Fixed	NT=Oxidation;MT=Variable;TA=M;AC=UNIMOD:35	"NT=Deamidated;MT=Variable;TA=Q,N;AC=UNIMOD:7"	not available	not available	20 ppm	0.05 Da	D283 Med
PXD021482-Sample-6	Homo sapiens	Cell culture	not available	D283 Med	brain cancer	1	run 86	20200827_cell_PRM_9.mzML	ftp://massive.ucsd.edu/MSV000087678/ccms_peak/RAW/20200827_cell_PRM_9.mzML	1	6	NT=label free sample;AC=MS:1002038	NT=Orbitrap Fusion Lumos;AC=MS:1002732	NT=Trypsin;AC=MS:1001251	NT=Carbamidomethyl;AC=UNIMOD:4;TA=C;MT=Fixed	NT=Oxidation;MT=Variable;TA=M;AC=UNIMOD:35	"NT=Deamidated;MT=Variable;TA=Q,N;AC=UNIMOD:7"	not available	not available	20 ppm	0.05 Da	D283 Med
PXD021482-Sample-6	Homo sapiens	Cell culture	not available	D283 Med	brain cancer	1	run 87	20200827_cell_PRM_10.mzML	ftp://massive.ucsd.edu/MSV000087678/ccms_peak/RAW/20200827_cell_PRM_10.mzML	1	7	NT=label free sample;AC=MS:1002038	NT=Orbitrap Fusion Lumos;AC=MS:1002732	NT=Trypsin;AC=MS:1001251	NT=Carbamidomethyl;AC=UNIMOD:4;TA=C;MT=Fixed	NT=Oxidation;MT=Variable;TA=M;AC=UNIMOD:35	"NT=Deamidated;MT=Variable;TA=Q,N;AC=UNIMOD:7"	not available	not available	20 ppm	0.05 Da	D283 Med
PXD021482-Sample-6	Homo sapiens	Cell culture	not available	D283 Med	brain cancer	1	run 88	20200827_cell_PRM_11.mzML	ftp://massive.ucsd.edu/MSV000087678/ccms_peak/RAW/20200827_cell_PRM_11.mzML	1	8	NT=label free sample;AC=MS:1002038	NT=Orbitrap Fusion Lumos;AC=MS:1002732	NT=Trypsin;AC=MS:1001251	NT=Carbamidomethyl;AC=UNIMOD:4;TA=C;MT=Fixed	NT=Oxidation;MT=Variable;TA=M;AC=UNIMOD:35	"NT=Deamidated;MT=Variable;TA=Q,N;AC=UNIMOD:7"	not available	not available	20 ppm	0.05 Da	D283 Med
PXD021482-Sample-6	Homo sapiens	Cell culture	not available	D283 Med	brain cancer	1	run 89	20200813_cell_PRM_13.mzML	ftp://massive.ucsd.edu/MSV000087678/ccms_peak/RAW/20200813_cell_PRM_13.mzML	1	9	NT=label free sample;AC=MS:1002038	NT=Orbitrap Fusion Lumos;AC=MS:1002732	NT=Trypsin;AC=MS:1001251	NT=Carbamidomethyl;AC=UNIMOD:4;TA=C;MT=Fixed	NT=Oxidation;MT=Variable;TA=M;AC=UNIMOD:35	"NT=Deamidated;MT=Variable;TA=Q,N;AC=UNIMOD:7"	not available	not available	20 ppm	0.05 Da	D283 Med
PXD021482-Sample-6	Homo sapiens	Cell culture	not available	D283 Med	brain cancer	1	run 90	20200827_cell_PRM_16.mzML	ftp://massive.ucsd.edu/MSV000087678/ccms_peak/RAW/20200827_cell_PRM_16.mzML	1	10	NT=label free sample;AC=MS:1002038	NT=Orbitrap Fusion Lumos;AC=MS:1002732	NT=Trypsin;AC=MS:1001251	NT=Carbamidomethyl;AC=UNIMOD:4;TA=C;MT=Fixed	NT=Oxidation;MT=Variable;TA=M;AC=UNIMOD:35	"NT=Deamidated;MT=Variable;TA=Q,N;AC=UNIMOD:7"	not available	not available	20 ppm	0.05 Da	D283 Med
PXD021482-Sample-6	Homo sapiens	Cell culture	not available	D283 Med	brain cancer	1	run 91	20200813_cell_PRM_17.mzML	ftp://massive.ucsd.edu/MSV000087678/ccms_peak/RAW/20200813_cell_PRM_17.mzML	1	11	NT=label free sample;AC=MS:1002038	NT=Orbitrap Fusion Lumos;AC=MS:1002732	NT=Trypsin;AC=MS:1001251	NT=Carbamidomethyl;AC=UNIMOD:4;TA=C;MT=Fixed	NT=Oxidation;MT=Variable;TA=M;AC=UNIMOD:35	"NT=Deamidated;MT=Variable;TA=Q,N;AC=UNIMOD:7"	not available	not available	20 ppm	0.05 Da	D283 Med
PXD021482-Sample-6	Homo sapiens	Cell culture	not available	D283 Med	brain cancer	1	run 92	20200813_cell_PRM_18.mzML	ftp://massive.ucsd.edu/MSV000087678/ccms_peak/RAW/20200813_cell_PRM_18.mzML	1	12	NT=label free sample;AC=MS:1002038	NT=Orbitrap Fusion Lumos;AC=MS:1002732	NT=Trypsin;AC=MS:1001251	NT=Carbamidomethyl;AC=UNIMOD:4;TA=C;MT=Fixed	NT=Oxidation;MT=Variable;TA=M;AC=UNIMOD:35	"NT=Deamidated;MT=Variable;TA=Q,N;AC=UNIMOD:7"	not available	not available	20 ppm	0.05 Da	D283 Med
PXD021482-Sample-6	Homo sapiens	Cell culture	not available	D283 Med	brain cancer	1	run 93	20200813_cell_PRM_19.mzML	ftp://massive.ucsd.edu/MSV000087678/ccms_peak/RAW/20200813_cell_PRM_19.mzML	1	13	NT=label free sample;AC=MS:1002038	NT=Orbitrap Fusion Lumos;AC=MS:1002732	NT=Trypsin;AC=MS:1001251	NT=Carbamidomethyl;AC=UNIMOD:4;TA=C;MT=Fixed	NT=Oxidation;MT=Variable;TA=M;AC=UNIMOD:35	"NT=Deamidated;MT=Variable;TA=Q,N;AC=UNIMOD:7"	not available	not available	20 ppm	0.05 Da	D283 Med
PXD021482-Sample-6	Homo sapiens	Cell culture	not available	D283 Med	brain cancer	1	run 94	20200827_cell_PRM_20.mzML	ftp://massive.ucsd.edu/MSV000087678/ccms_peak/RAW/20200827_cell_PRM_20.mzML	1	14	NT=label free sample;AC=MS:1002038	NT=Orbitrap Fusion Lumos;AC=MS:1002732	NT=Trypsin;AC=MS:1001251	NT=Carbamidomethyl;AC=UNIMOD:4;TA=C;MT=Fixed	NT=Oxidation;MT=Variable;TA=M;AC=UNIMOD:35	"NT=Deamidated;MT=Variable;TA=Q,N;AC=UNIMOD:7"	not available	not available	20 ppm	0.05 Da	D283 Med
PXD021482-Sample-7	Homo sapiens	Cell culture	not available	D283 Med	brain cancer	1	run 95	20200827_syn_PRM_1.mzML	ftp://massive.ucsd.edu/MSV000087678/ccms_peak/RAW/20200827_syn_PRM_1.mzML	1	1	NT=label free sample;AC=MS:1002038	NT=Orbitrap Fusion Lumos;AC=MS:1002732	NT=Trypsin;AC=MS:1001251	NT=Carbamidomethyl;AC=UNIMOD:4;TA=C;MT=Fixed	NT=Oxidation;MT=Variable;TA=M;AC=UNIMOD:35	"NT=Deamidated;MT=Variable;TA=Q,N;AC=UNIMOD:7"	not available	not available	20 ppm	0.05 Da	D283 Med
PXD021482-Sample-7	Homo sapiens	Cell culture	not available	D283 Med	brain cancer	1	run 96	20200827_syn_PRM_2.mzML	ftp://massive.ucsd.edu/MSV000087678/ccms_peak/RAW/20200827_syn_PRM_2.mzML	1	2	NT=label free sample;AC=MS:1002038	NT=Orbitrap Fusion Lumos;AC=MS:1002732	NT=Trypsin;AC=MS:1001251	NT=Carbamidomethyl;AC=UNIMOD:4;TA=C;MT=Fixed	NT=Oxidation;MT=Variable;TA=M;AC=UNIMOD:35	"NT=Deamidated;MT=Variable;TA=Q,N;AC=UNIMOD:7"	not available	not available	20 ppm	0.05 Da	D283 Med
