source name	characteristics[organism]	characteristics[organism part]	characteristics[cell type]	characteristics[erythrocyte processing]	characteristics[ghost]	characteristics[individual]	characteristics[ancestry category]	characteristics[age]	characteristics[sex]	characteristics[developmental stage]	characteristics[disease]	characteristics[depletion]	characteristics[biological replicate]	assay name	Technology type	comment[data file]	comment[file uri]	comment[fraction identifier]	comment[fractionation method]	comment[label]	comment[technical replicate]	comment[instrument]	comment[cleavage agent details]	comment[MS2 mass analyzer]	comment[separation]	comment[modification parameters]	comment[modification parameters]	comment[modification parameters]	comment[dissociation method]	comment[precursor mass tolerance]	comment[fragment mass tolerance]	factor value[organism part]
PXD022549-Sample-1	Homo sapiens	blood	erythrocyte	eryaspase	ghost	1	not applicable	no available	no available	not applicable	normal	no depletion	1	run 1	proteomic profiling by mass spectrometry	ERYT180228_Ghosts_GRASPA_SCX1_F25193.raw	https://www.ebi.ac.uk/pride/archive/projects/PXD022549/ERYT180228_Ghosts_GRASPA_SCX1_F25193	1	AC=PRIDE:0000561; NT=Strong cation-exchange chromatography (SCX)	AC=MS:1002038;NT=label free sample	1	NT=Orbitrap Fusion Lumos;AC=MS:1002732	NT=Trypsin;AC=MS:1001251	AC=MS:1002416; NT=Orbitrap Fusion	AC=PRIDE:0000563;NT=Reversed-phase chromatography	NT=Carbamidomethyl;AC=UNIMOD:4;TA=C;MT=Fixed	NT=Oxidation;AC=UNIMOD:35;MT=Variable;TA=M	NT=Acetyl;AC=UNIMOD:1;PP=Protein N-term;MT=variable	AC=MS:1000422;NT=HCD	25 ppm	0.5 Da	erythrocyte
PXD022549-Sample-2	Homo sapiens	blood	erythrocyte	eryaspase	ghost	1	not applicable	no available	no available	not applicable	normal	no depletion	1	run 2	proteomic profiling by mass spectrometry	ERYT180228_Ghosts_GRASPA_SCX2_F25194.raw	https://www.ebi.ac.uk/pride/archive/projects/PXD022549/ERYT180228_Ghosts_GRASPA_SCX2_F25194	2	AC=PRIDE:0000561; NT=Strong cation-exchange chromatography (SCX)	AC=MS:1002038;NT=label free sample	1	NT=Orbitrap Fusion Lumos;AC=MS:1002732	NT=Trypsin;AC=MS:1001251	AC=MS:1002416; NT=Orbitrap Fusion	AC=PRIDE:0000563;NT=Reversed-phase chromatography	NT=Carbamidomethyl;AC=UNIMOD:4;TA=C;MT=Fixed	NT=Oxidation;AC=UNIMOD:35;MT=Variable;TA=M	NT=Acetyl;AC=UNIMOD:1;PP=Protein N-term;MT=variable	AC=MS:1000422;NT=HCD	25 ppm	0.5 Da	erythrocyte
PXD022549-Sample-3	Homo sapiens	blood	erythrocyte	eryaspase	ghost	1	not applicable	no available	no available	not applicable	normal	no depletion	1	run 3	proteomic profiling by mass spectrometry	ERYT180228_Ghosts_GRASPA_SCX3_F25195.raw	https://www.ebi.ac.uk/pride/archive/projects/PXD022549/ERYT180228_Ghosts_GRASPA_SCX3_F25195	3	AC=PRIDE:0000561; NT=Strong cation-exchange chromatography (SCX)	AC=MS:1002038;NT=label free sample	1	NT=Orbitrap Fusion Lumos;AC=MS:1002732	NT=Trypsin;AC=MS:1001251	AC=MS:1002416; NT=Orbitrap Fusion	AC=PRIDE:0000563;NT=Reversed-phase chromatography	NT=Carbamidomethyl;AC=UNIMOD:4;TA=C;MT=Fixed	NT=Oxidation;AC=UNIMOD:35;MT=Variable;TA=M	NT=Acetyl;AC=UNIMOD:1;PP=Protein N-term;MT=variable	AC=MS:1000422;NT=HCD	25 ppm	0.5 Da	erythrocyte
PXD022549-Sample-4	Homo sapiens	blood	erythrocyte	eryaspase	ghost	1	not applicable	no available	no available	not applicable	normal	no depletion	1	run 4	proteomic profiling by mass spectrometry	ERYT180228_Ghosts_GRASPA_SCX4_F25196.raw	https://www.ebi.ac.uk/pride/archive/projects/PXD022549/ERYT180228_Ghosts_GRASPA_SCX4_F25196	4	AC=PRIDE:0000561; NT=Strong cation-exchange chromatography (SCX)	AC=MS:1002038;NT=label free sample	1	NT=Orbitrap Fusion Lumos;AC=MS:1002732	NT=Trypsin;AC=MS:1001251	AC=MS:1002416; NT=Orbitrap Fusion	AC=PRIDE:0000563;NT=Reversed-phase chromatography	NT=Carbamidomethyl;AC=UNIMOD:4;TA=C;MT=Fixed	NT=Oxidation;AC=UNIMOD:35;MT=Variable;TA=M	NT=Acetyl;AC=UNIMOD:1;PP=Protein N-term;MT=variable	AC=MS:1000422;NT=HCD	25 ppm	0.5 Da	erythrocyte
PXD022549-Sample-5	Homo sapiens	blood	erythrocyte	eryaspase	ghost	1	not applicable	no available	no available	not applicable	normal	no depletion	1	run 5	proteomic profiling by mass spectrometry	ERYT180228_Ghosts_GRASPA_SCX5_F25197.raw	https://www.ebi.ac.uk/pride/archive/projects/PXD022549/ERYT180228_Ghosts_GRASPA_SCX5_F25197	5	AC=PRIDE:0000561; NT=Strong cation-exchange chromatography (SCX)	AC=MS:1002038;NT=label free sample	1	NT=Orbitrap Fusion Lumos;AC=MS:1002732	NT=Trypsin;AC=MS:1001251	AC=MS:1002416; NT=Orbitrap Fusion	AC=PRIDE:0000563;NT=Reversed-phase chromatography	NT=Carbamidomethyl;AC=UNIMOD:4;TA=C;MT=Fixed	NT=Oxidation;AC=UNIMOD:35;MT=Variable;TA=M	NT=Acetyl;AC=UNIMOD:1;PP=Protein N-term;MT=variable	AC=MS:1000422;NT=HCD	25 ppm	0.5 Da	erythrocyte
PXD022549-Sample-6	Homo sapiens	blood	erythrocyte	packed RBC	ghost	1	not applicable	no available	no available	not applicable	normal	no depletion	1	run 6	proteomic profiling by mass spectrometry	ERYT180228_Ghosts_pRBC_SCX1_F25181_180319212259.raw	https://www.ebi.ac.uk/pride/archive/projects/PXD022549/ERYT180228_Ghosts_pRBC_SCX1_F25181_180319212259	1	AC=PRIDE:0000561; NT=Strong cation-exchange chromatography (SCX)	AC=MS:1002038;NT=label free sample	1	NT=Orbitrap Fusion Lumos;AC=MS:1002732	NT=Trypsin;AC=MS:1001251	AC=MS:1002416; NT=Orbitrap Fusion	AC=PRIDE:0000563;NT=Reversed-phase chromatography	NT=Carbamidomethyl;AC=UNIMOD:4;TA=C;MT=Fixed	NT=Oxidation;AC=UNIMOD:35;MT=Variable;TA=M	NT=Acetyl;AC=UNIMOD:1;PP=Protein N-term;MT=variable	AC=MS:1000422;NT=HCD	25 ppm	0.5 Da	erythrocyte
PXD022549-Sample-7	Homo sapiens	blood	erythrocyte	packed RBC	ghost	1	not applicable	no available	no available	not applicable	normal	no depletion	1	run 7	proteomic profiling by mass spectrometry	ERYT180228_Ghosts_pRBC_SCX2_F25182.raw	https://www.ebi.ac.uk/pride/archive/projects/PXD022549/ERYT180228_Ghosts_pRBC_SCX2_F25182	2	AC=PRIDE:0000561; NT=Strong cation-exchange chromatography (SCX)	AC=MS:1002038;NT=label free sample	1	NT=Orbitrap Fusion Lumos;AC=MS:1002732	NT=Trypsin;AC=MS:1001251	AC=MS:1002416; NT=Orbitrap Fusion	AC=PRIDE:0000563;NT=Reversed-phase chromatography	NT=Carbamidomethyl;AC=UNIMOD:4;TA=C;MT=Fixed	NT=Oxidation;AC=UNIMOD:35;MT=Variable;TA=M	NT=Acetyl;AC=UNIMOD:1;PP=Protein N-term;MT=variable	AC=MS:1000422;NT=HCD	25 ppm	0.5 Da	erythrocyte
PXD022549-Sample-8	Homo sapiens	blood	erythrocyte	packed RBC	ghost	1	not applicable	no available	no available	not applicable	normal	no depletion	1	run 8	proteomic profiling by mass spectrometry	ERYT180228_Ghosts_pRBC_SCX3_F25183_180320003833.raw	https://www.ebi.ac.uk/pride/archive/projects/PXD022549/ERYT180228_Ghosts_pRBC_SCX3_F25183_180320003833	3	AC=PRIDE:0000561; NT=Strong cation-exchange chromatography (SCX)	AC=MS:1002038;NT=label free sample	1	NT=Orbitrap Fusion Lumos;AC=MS:1002732	NT=Trypsin;AC=MS:1001251	AC=MS:1002416; NT=Orbitrap Fusion	AC=PRIDE:0000563;NT=Reversed-phase chromatography	NT=Carbamidomethyl;AC=UNIMOD:4;TA=C;MT=Fixed	NT=Oxidation;AC=UNIMOD:35;MT=Variable;TA=M	NT=Acetyl;AC=UNIMOD:1;PP=Protein N-term;MT=variable	AC=MS:1000422;NT=HCD	25 ppm	0.5 Da	erythrocyte
PXD022549-Sample-9	Homo sapiens	blood	erythrocyte	packed RBC	ghost	1	not applicable	no available	no available	not applicable	normal	no depletion	1	run 9	proteomic profiling by mass spectrometry	ERYT180228_Ghosts_pRBC_SCX4_F25184.raw	https://www.ebi.ac.uk/pride/archive/projects/PXD022549/ERYT180228_Ghosts_pRBC_SCX4_F25184	4	AC=PRIDE:0000561; NT=Strong cation-exchange chromatography (SCX)	AC=MS:1002038;NT=label free sample	1	NT=Orbitrap Fusion Lumos;AC=MS:1002732	NT=Trypsin;AC=MS:1001251	AC=MS:1002416; NT=Orbitrap Fusion	AC=PRIDE:0000563;NT=Reversed-phase chromatography	NT=Carbamidomethyl;AC=UNIMOD:4;TA=C;MT=Fixed	NT=Oxidation;AC=UNIMOD:35;MT=Variable;TA=M	NT=Acetyl;AC=UNIMOD:1;PP=Protein N-term;MT=variable	AC=MS:1000422;NT=HCD	25 ppm	0.5 Da	erythrocyte
PXD022549-Sample-10	Homo sapiens	blood	erythrocyte	packed RBC	ghost	1	not applicable	no available	no available	not applicable	normal	no depletion	1	run 10	proteomic profiling by mass spectrometry	ERYT180228_Ghosts_pRBC_SCX5_F25185.raw	https://www.ebi.ac.uk/pride/archive/projects/PXD022549/ERYT180228_Ghosts_pRBC_SCX5_F25185	5	AC=PRIDE:0000561; NT=Strong cation-exchange chromatography (SCX)	AC=MS:1002038;NT=label free sample	1	NT=Orbitrap Fusion Lumos;AC=MS:1002732	NT=Trypsin;AC=MS:1001251	AC=MS:1002416; NT=Orbitrap Fusion	AC=PRIDE:0000563;NT=Reversed-phase chromatography	NT=Carbamidomethyl;AC=UNIMOD:4;TA=C;MT=Fixed	NT=Oxidation;AC=UNIMOD:35;MT=Variable;TA=M	NT=Acetyl;AC=UNIMOD:1;PP=Protein N-term;MT=variable	AC=MS:1000422;NT=HCD	25 ppm	0.5 Da	erythrocyte
PXD022549-Sample-11	Homo sapiens	blood	erythrocyte	proceded RBC	ghost	1	not applicable	no available	no available	not applicable	normal	no depletion	1	run 11	proteomic profiling by mass spectrometry	ERYT180228_Ghosts_proRBC_SCX1_F25187.raw	https://www.ebi.ac.uk/pride/archive/projects/PXD022549/ERYT180228_Ghosts_proRBC_SCX1_F25187	1	AC=PRIDE:0000561; NT=Strong cation-exchange chromatography (SCX)	AC=MS:1002038;NT=label free sample	1	NT=Orbitrap Fusion Lumos;AC=MS:1002732	NT=Trypsin;AC=MS:1001251	AC=MS:1002416; NT=Orbitrap Fusion	AC=PRIDE:0000563;NT=Reversed-phase chromatography	NT=Carbamidomethyl;AC=UNIMOD:4;TA=C;MT=Fixed	NT=Oxidation;AC=UNIMOD:35;MT=Variable;TA=M	NT=Acetyl;AC=UNIMOD:1;PP=Protein N-term;MT=variable	AC=MS:1000422;NT=HCD	25 ppm	0.5 Da	erythrocyte
PXD022549-Sample-12	Homo sapiens	blood	erythrocyte	proceded RBC	ghost	1	not applicable	no available	no available	not applicable	normal	no depletion	1	run 12	proteomic profiling by mass spectrometry	ERYT180228_Ghosts_proRBC_SCX2_F25188.raw	https://www.ebi.ac.uk/pride/archive/projects/PXD022549/ERYT180228_Ghosts_proRBC_SCX2_F25188	2	AC=PRIDE:0000561; NT=Strong cation-exchange chromatography (SCX)	AC=MS:1002038;NT=label free sample	1	NT=Orbitrap Fusion Lumos;AC=MS:1002732	NT=Trypsin;AC=MS:1001251	AC=MS:1002416; NT=Orbitrap Fusion	AC=PRIDE:0000563;NT=Reversed-phase chromatography	NT=Carbamidomethyl;AC=UNIMOD:4;TA=C;MT=Fixed	NT=Oxidation;AC=UNIMOD:35;MT=Variable;TA=M	NT=Acetyl;AC=UNIMOD:1;PP=Protein N-term;MT=variable	AC=MS:1000422;NT=HCD	25 ppm	0.5 Da	erythrocyte
PXD022549-Sample-13	Homo sapiens	blood	erythrocyte	proceded RBC	ghost	1	not applicable	no available	no available	not applicable	normal	no depletion	1	run 13	proteomic profiling by mass spectrometry	ERYT180228_Ghosts_proRBC_SCX3_F25189_180318210721.raw	https://www.ebi.ac.uk/pride/archive/projects/PXD022549/ERYT180228_Ghosts_proRBC_SCX3_F25189_180318210721	3	AC=PRIDE:0000561; NT=Strong cation-exchange chromatography (SCX)	AC=MS:1002038;NT=label free sample	1	NT=Orbitrap Fusion Lumos;AC=MS:1002732	NT=Trypsin;AC=MS:1001251	AC=MS:1002416; NT=Orbitrap Fusion	AC=PRIDE:0000563;NT=Reversed-phase chromatography	NT=Carbamidomethyl;AC=UNIMOD:4;TA=C;MT=Fixed	NT=Oxidation;AC=UNIMOD:35;MT=Variable;TA=M	NT=Acetyl;AC=UNIMOD:1;PP=Protein N-term;MT=variable	AC=MS:1000422;NT=HCD	25 ppm	0.5 Da	erythrocyte
PXD022549-Sample-14	Homo sapiens	blood	erythrocyte	proceded RBC	ghost	1	not applicable	no available	no available	not applicable	normal	no depletion	1	run 14	proteomic profiling by mass spectrometry	ERYT180228_Ghosts_proRBC_SCX4_F25190.raw	https://www.ebi.ac.uk/pride/archive/projects/PXD022549/ERYT180228_Ghosts_proRBC_SCX4_F25190	4	AC=PRIDE:0000561; NT=Strong cation-exchange chromatography (SCX)	AC=MS:1002038;NT=label free sample	1	NT=Orbitrap Fusion Lumos;AC=MS:1002732	NT=Trypsin;AC=MS:1001251	AC=MS:1002416; NT=Orbitrap Fusion	AC=PRIDE:0000563;NT=Reversed-phase chromatography	NT=Carbamidomethyl;AC=UNIMOD:4;TA=C;MT=Fixed	NT=Oxidation;AC=UNIMOD:35;MT=Variable;TA=M	NT=Acetyl;AC=UNIMOD:1;PP=Protein N-term;MT=variable	AC=MS:1000422;NT=HCD	25 ppm	0.5 Da	erythrocyte
PXD022549-Sample-15	Homo sapiens	blood	erythrocyte	proceded RBC	ghost	1	not applicable	no available	no available	not applicable	normal	no depletion	1	run 15	proteomic profiling by mass spectrometry	ERYT180228_Ghosts_proRBC_SCX5_F25191.raw	https://www.ebi.ac.uk/pride/archive/projects/PXD022549/ERYT180228_Ghosts_proRBC_SCX5_F25191	5	AC=PRIDE:0000561; NT=Strong cation-exchange chromatography (SCX)	AC=MS:1002038;NT=label free sample	1	NT=Orbitrap Fusion Lumos;AC=MS:1002732	NT=Trypsin;AC=MS:1001251	AC=MS:1002416; NT=Orbitrap Fusion	AC=PRIDE:0000563;NT=Reversed-phase chromatography	NT=Carbamidomethyl;AC=UNIMOD:4;TA=C;MT=Fixed	NT=Oxidation;AC=UNIMOD:35;MT=Variable;TA=M	NT=Acetyl;AC=UNIMOD:1;PP=Protein N-term;MT=variable	AC=MS:1000422;NT=HCD	25 ppm	0.5 Da	erythrocyte
PXD022549-Sample-16	Homo sapiens	blood	erythrocyte	eryaspase	normal	1	not applicable	no available	no available	not applicable	normal	no depletion	1	run 16	proteomic profiling by mass spectrometry	ERYT180228_GRASPA_SCX1_F25175.raw	https://www.ebi.ac.uk/pride/archive/projects/PXD022549/ERYT180228_GRASPA_SCX1_F25175	1	AC=PRIDE:0000561; NT=Strong cation-exchange chromatography (SCX)	AC=MS:1002038;NT=label free sample	1	NT=Orbitrap Fusion Lumos;AC=MS:1002732	NT=Trypsin;AC=MS:1001251	AC=MS:1002416; NT=Orbitrap Fusion	AC=PRIDE:0000563;NT=Reversed-phase chromatography	NT=Carbamidomethyl;AC=UNIMOD:4;TA=C;MT=Fixed	NT=Oxidation;AC=UNIMOD:35;MT=Variable;TA=M	NT=Acetyl;AC=UNIMOD:1;PP=Protein N-term;MT=variable	AC=MS:1000422;NT=HCD	25 ppm	0.5 Da	erythrocyte
PXD022549-Sample-17	Homo sapiens	blood	erythrocyte	eryaspase	normal	1	not applicable	no available	no available	not applicable	normal	no depletion	1	run 17	proteomic profiling by mass spectrometry	ERYT180228_GRASPA_SCX2_F25176.raw	https://www.ebi.ac.uk/pride/archive/projects/PXD022549/ERYT180228_GRASPA_SCX2_F25176	2	AC=PRIDE:0000561; NT=Strong cation-exchange chromatography (SCX)	AC=MS:1002038;NT=label free sample	1	NT=Orbitrap Fusion Lumos;AC=MS:1002732	NT=Trypsin;AC=MS:1001251	AC=MS:1002416; NT=Orbitrap Fusion	AC=PRIDE:0000563;NT=Reversed-phase chromatography	NT=Carbamidomethyl;AC=UNIMOD:4;TA=C;MT=Fixed	NT=Oxidation;AC=UNIMOD:35;MT=Variable;TA=M	NT=Acetyl;AC=UNIMOD:1;PP=Protein N-term;MT=variable	AC=MS:1000422;NT=HCD	25 ppm	0.5 Da	erythrocyte
PXD022549-Sample-18	Homo sapiens	blood	erythrocyte	eryaspase	normal	1	not applicable	no available	no available	not applicable	normal	no depletion	1	run 18	proteomic profiling by mass spectrometry	ERYT180228_GRASPA_SCX3_F25177.raw	https://www.ebi.ac.uk/pride/archive/projects/PXD022549/ERYT180228_GRASPA_SCX3_F25177	3	AC=PRIDE:0000561; NT=Strong cation-exchange chromatography (SCX)	AC=MS:1002038;NT=label free sample	1	NT=Orbitrap Fusion Lumos;AC=MS:1002732	NT=Trypsin;AC=MS:1001251	AC=MS:1002416; NT=Orbitrap Fusion	AC=PRIDE:0000563;NT=Reversed-phase chromatography	NT=Carbamidomethyl;AC=UNIMOD:4;TA=C;MT=Fixed	NT=Oxidation;AC=UNIMOD:35;MT=Variable;TA=M	NT=Acetyl;AC=UNIMOD:1;PP=Protein N-term;MT=variable	AC=MS:1000422;NT=HCD	25 ppm	0.5 Da	erythrocyte
PXD022549-Sample-19	Homo sapiens	blood	erythrocyte	eryaspase	normal	1	not applicable	no available	no available	not applicable	normal	no depletion	1	run 19	proteomic profiling by mass spectrometry	ERYT180228_GRASPA_SCX4_F25178.raw	https://www.ebi.ac.uk/pride/archive/projects/PXD022549/ERYT180228_GRASPA_SCX4_F25178	4	AC=PRIDE:0000561; NT=Strong cation-exchange chromatography (SCX)	AC=MS:1002038;NT=label free sample	1	NT=Orbitrap Fusion Lumos;AC=MS:1002732	NT=Trypsin;AC=MS:1001251	AC=MS:1002416; NT=Orbitrap Fusion	AC=PRIDE:0000563;NT=Reversed-phase chromatography	NT=Carbamidomethyl;AC=UNIMOD:4;TA=C;MT=Fixed	NT=Oxidation;AC=UNIMOD:35;MT=Variable;TA=M	NT=Acetyl;AC=UNIMOD:1;PP=Protein N-term;MT=variable	AC=MS:1000422;NT=HCD	25 ppm	0.5 Da	erythrocyte
PXD022549-Sample-20	Homo sapiens	blood	erythrocyte	eryaspase	normal	1	not applicable	no available	no available	not applicable	normal	no depletion	1	run 20	proteomic profiling by mass spectrometry	ERYT180228_GRASPA_SCX5_F25179.raw	https://www.ebi.ac.uk/pride/archive/projects/PXD022549/ERYT180228_GRASPA_SCX5_F25179	5	AC=PRIDE:0000561; NT=Strong cation-exchange chromatography (SCX)	AC=MS:1002038;NT=label free sample	1	NT=Orbitrap Fusion Lumos;AC=MS:1002732	NT=Trypsin;AC=MS:1001251	AC=MS:1002416; NT=Orbitrap Fusion	AC=PRIDE:0000563;NT=Reversed-phase chromatography	NT=Carbamidomethyl;AC=UNIMOD:4;TA=C;MT=Fixed	NT=Oxidation;AC=UNIMOD:35;MT=Variable;TA=M	NT=Acetyl;AC=UNIMOD:1;PP=Protein N-term;MT=variable	AC=MS:1000422;NT=HCD	25 ppm	0.5 Da	erythrocyte
PXD022549-Sample-21	Homo sapiens	blood	erythrocyte	packed RBC	normal	1	not applicable	no available	no available	not applicable	normal	no depletion	1	run 21	proteomic profiling by mass spectrometry	ERYT180228_pRBC_SCX1_F25163.raw	https://www.ebi.ac.uk/pride/archive/projects/PXD022549/ERYT180228_pRBC_SCX1_F25163	1	AC=PRIDE:0000561; NT=Strong cation-exchange chromatography (SCX)	AC=MS:1002038;NT=label free sample	1	NT=Orbitrap Fusion Lumos;AC=MS:1002732	NT=Trypsin;AC=MS:1001251	AC=MS:1002416; NT=Orbitrap Fusion	AC=PRIDE:0000563;NT=Reversed-phase chromatography	NT=Carbamidomethyl;AC=UNIMOD:4;TA=C;MT=Fixed	NT=Oxidation;AC=UNIMOD:35;MT=Variable;TA=M	NT=Acetyl;AC=UNIMOD:1;PP=Protein N-term;MT=variable	AC=MS:1000422;NT=HCD	25 ppm	0.5 Da	erythrocyte
PXD022549-Sample-22	Homo sapiens	blood	erythrocyte	packed RBC	normal	1	not applicable	no available	no available	not applicable	normal	no depletion	1	run 22	proteomic profiling by mass spectrometry	ERYT180228_pRBC_SCX2_F25164.raw	https://www.ebi.ac.uk/pride/archive/projects/PXD022549/ERYT180228_pRBC_SCX2_F25164	2	AC=PRIDE:0000561; NT=Strong cation-exchange chromatography (SCX)	AC=MS:1002038;NT=label free sample	1	NT=Orbitrap Fusion Lumos;AC=MS:1002732	NT=Trypsin;AC=MS:1001251	AC=MS:1002416; NT=Orbitrap Fusion	AC=PRIDE:0000563;NT=Reversed-phase chromatography	NT=Carbamidomethyl;AC=UNIMOD:4;TA=C;MT=Fixed	NT=Oxidation;AC=UNIMOD:35;MT=Variable;TA=M	NT=Acetyl;AC=UNIMOD:1;PP=Protein N-term;MT=variable	AC=MS:1000422;NT=HCD	25 ppm	0.5 Da	erythrocyte
PXD022549-Sample-23	Homo sapiens	blood	erythrocyte	packed RBC	normal	1	not applicable	no available	no available	not applicable	normal	no depletion	1	run 23	proteomic profiling by mass spectrometry	ERYT180228_pRBC_SCX3_F25165.raw	https://www.ebi.ac.uk/pride/archive/projects/PXD022549/ERYT180228_pRBC_SCX3_F25165	3	AC=PRIDE:0000561; NT=Strong cation-exchange chromatography (SCX)	AC=MS:1002038;NT=label free sample	1	NT=Orbitrap Fusion Lumos;AC=MS:1002732	NT=Trypsin;AC=MS:1001251	AC=MS:1002416; NT=Orbitrap Fusion	AC=PRIDE:0000563;NT=Reversed-phase chromatography	NT=Carbamidomethyl;AC=UNIMOD:4;TA=C;MT=Fixed	NT=Oxidation;AC=UNIMOD:35;MT=Variable;TA=M	NT=Acetyl;AC=UNIMOD:1;PP=Protein N-term;MT=variable	AC=MS:1000422;NT=HCD	25 ppm	0.5 Da	erythrocyte
PXD022549-Sample-24	Homo sapiens	blood	erythrocyte	packed RBC	normal	1	not applicable	no available	no available	not applicable	normal	no depletion	1	run 24	proteomic profiling by mass spectrometry	ERYT180228_pRBC_SCX4_F25166.raw	https://www.ebi.ac.uk/pride/archive/projects/PXD022549/ERYT180228_pRBC_SCX4_F25166	4	AC=PRIDE:0000561; NT=Strong cation-exchange chromatography (SCX)	AC=MS:1002038;NT=label free sample	1	NT=Orbitrap Fusion Lumos;AC=MS:1002732	NT=Trypsin;AC=MS:1001251	AC=MS:1002416; NT=Orbitrap Fusion	AC=PRIDE:0000563;NT=Reversed-phase chromatography	NT=Carbamidomethyl;AC=UNIMOD:4;TA=C;MT=Fixed	NT=Oxidation;AC=UNIMOD:35;MT=Variable;TA=M	NT=Acetyl;AC=UNIMOD:1;PP=Protein N-term;MT=variable	AC=MS:1000422;NT=HCD	25 ppm	0.5 Da	erythrocyte
PXD022549-Sample-25	Homo sapiens	blood	erythrocyte	packed RBC	normal	1	not applicable	no available	no available	not applicable	normal	no depletion	1	run 25	proteomic profiling by mass spectrometry	ERYT180228_pRBC_SCX5_F25167.raw	https://www.ebi.ac.uk/pride/archive/projects/PXD022549/ERYT180228_pRBC_SCX5_F25167	5	AC=PRIDE:0000561; NT=Strong cation-exchange chromatography (SCX)	AC=MS:1002038;NT=label free sample	1	NT=Orbitrap Fusion Lumos;AC=MS:1002732	NT=Trypsin;AC=MS:1001251	AC=MS:1002416; NT=Orbitrap Fusion	AC=PRIDE:0000563;NT=Reversed-phase chromatography	NT=Carbamidomethyl;AC=UNIMOD:4;TA=C;MT=Fixed	NT=Oxidation;AC=UNIMOD:35;MT=Variable;TA=M	NT=Acetyl;AC=UNIMOD:1;PP=Protein N-term;MT=variable	AC=MS:1000422;NT=HCD	25 ppm	0.5 Da	erythrocyte
PXD022549-Sample-26	Homo sapiens	blood	erythrocyte	proceded RBC	normal	1	not applicable	no available	no available	not applicable	normal	no depletion	1	run 26	proteomic profiling by mass spectrometry	ERYT180228_proRBC_SCX1_F25169.raw	https://www.ebi.ac.uk/pride/archive/projects/PXD022549/ERYT180228_proRBC_SCX1_F25169	1	AC=PRIDE:0000561; NT=Strong cation-exchange chromatography (SCX)	AC=MS:1002038;NT=label free sample	1	NT=Orbitrap Fusion Lumos;AC=MS:1002732	NT=Trypsin;AC=MS:1001251	AC=MS:1002416; NT=Orbitrap Fusion	AC=PRIDE:0000563;NT=Reversed-phase chromatography	NT=Carbamidomethyl;AC=UNIMOD:4;TA=C;MT=Fixed	NT=Oxidation;AC=UNIMOD:35;MT=Variable;TA=M	NT=Acetyl;AC=UNIMOD:1;PP=Protein N-term;MT=variable	AC=MS:1000422;NT=HCD	25 ppm	0.5 Da	erythrocyte
PXD022549-Sample-27	Homo sapiens	blood	erythrocyte	proceded RBC	normal	1	not applicable	no available	no available	not applicable	normal	no depletion	1	run 27	proteomic profiling by mass spectrometry	ERYT180228_proRBC_SCX2_F25170.raw	https://www.ebi.ac.uk/pride/archive/projects/PXD022549/ERYT180228_proRBC_SCX2_F25170	2	AC=PRIDE:0000561; NT=Strong cation-exchange chromatography (SCX)	AC=MS:1002038;NT=label free sample	1	NT=Orbitrap Fusion Lumos;AC=MS:1002732	NT=Trypsin;AC=MS:1001251	AC=MS:1002416; NT=Orbitrap Fusion	AC=PRIDE:0000563;NT=Reversed-phase chromatography	NT=Carbamidomethyl;AC=UNIMOD:4;TA=C;MT=Fixed	NT=Oxidation;AC=UNIMOD:35;MT=Variable;TA=M	NT=Acetyl;AC=UNIMOD:1;PP=Protein N-term;MT=variable	AC=MS:1000422;NT=HCD	25 ppm	0.5 Da	erythrocyte
PXD022549-Sample-28	Homo sapiens	blood	erythrocyte	proceded RBC	normal	1	not applicable	no available	no available	not applicable	normal	no depletion	1	run 28	proteomic profiling by mass spectrometry	ERYT180228_proRBC_SCX3_F25171.raw	https://www.ebi.ac.uk/pride/archive/projects/PXD022549/ERYT180228_proRBC_SCX3_F25171	3	AC=PRIDE:0000561; NT=Strong cation-exchange chromatography (SCX)	AC=MS:1002038;NT=label free sample	1	NT=Orbitrap Fusion Lumos;AC=MS:1002732	NT=Trypsin;AC=MS:1001251	AC=MS:1002416; NT=Orbitrap Fusion	AC=PRIDE:0000563;NT=Reversed-phase chromatography	NT=Carbamidomethyl;AC=UNIMOD:4;TA=C;MT=Fixed	NT=Oxidation;AC=UNIMOD:35;MT=Variable;TA=M	NT=Acetyl;AC=UNIMOD:1;PP=Protein N-term;MT=variable	AC=MS:1000422;NT=HCD	25 ppm	0.5 Da	erythrocyte
PXD022549-Sample-29	Homo sapiens	blood	erythrocyte	proceded RBC	normal	1	not applicable	no available	no available	not applicable	normal	no depletion	1	run 29	proteomic profiling by mass spectrometry	ERYT180228_proRBC_SCX4_F25172.raw	https://www.ebi.ac.uk/pride/archive/projects/PXD022549/ERYT180228_proRBC_SCX4_F25172	4	AC=PRIDE:0000561; NT=Strong cation-exchange chromatography (SCX)	AC=MS:1002038;NT=label free sample	1	NT=Orbitrap Fusion Lumos;AC=MS:1002732	NT=Trypsin;AC=MS:1001251	AC=MS:1002416; NT=Orbitrap Fusion	AC=PRIDE:0000563;NT=Reversed-phase chromatography	NT=Carbamidomethyl;AC=UNIMOD:4;TA=C;MT=Fixed	NT=Oxidation;AC=UNIMOD:35;MT=Variable;TA=M	NT=Acetyl;AC=UNIMOD:1;PP=Protein N-term;MT=variable	AC=MS:1000422;NT=HCD	25 ppm	0.5 Da	erythrocyte
PXD022549-Sample-30	Homo sapiens	blood	erythrocyte	proceded RBC	normal	1	not applicable	no available	no available	not applicable	normal	no depletion	1	run 30	proteomic profiling by mass spectrometry	ERYT180228_proRBC_SCX5_F25173.raw	https://www.ebi.ac.uk/pride/archive/projects/PXD022549/ERYT180228_proRBC_SCX5_F25173	5	AC=PRIDE:0000561; NT=Strong cation-exchange chromatography (SCX)	AC=MS:1002038;NT=label free sample	1	NT=Orbitrap Fusion Lumos;AC=MS:1002732	NT=Trypsin;AC=MS:1001251	AC=MS:1002416; NT=Orbitrap Fusion	AC=PRIDE:0000563;NT=Reversed-phase chromatography	NT=Carbamidomethyl;AC=UNIMOD:4;TA=C;MT=Fixed	NT=Oxidation;AC=UNIMOD:35;MT=Variable;TA=M	NT=Acetyl;AC=UNIMOD:1;PP=Protein N-term;MT=variable	AC=MS:1000422;NT=HCD	25 ppm	0.5 Da	erythrocyte
PXD022549-Sample-31	Homo sapiens	blood	erythrocyte	packed RBC	normal	2	not applicable	no available	no available	not applicable	normal	no depletion	2	run 31	proteomic profiling by mass spectrometry	ErYT180417_1_pRBC_totaux_serie1bis_SCX1_F26149.raw	https://www.ebi.ac.uk/pride/archive/projects/PXD022549/ErYT180417_1_pRBC_totaux_serie1bis_SCX1_F26149	1	AC=PRIDE:0000561; NT=Strong cation-exchange chromatography (SCX)	AC=MS:1002038;NT=label free sample	1	NT=Orbitrap Fusion Lumos;AC=MS:1002732	NT=Trypsin;AC=MS:1001251	AC=MS:1002416; NT=Orbitrap Fusion	AC=PRIDE:0000563;NT=Reversed-phase chromatography	NT=Carbamidomethyl;AC=UNIMOD:4;TA=C;MT=Fixed	NT=Oxidation;AC=UNIMOD:35;MT=Variable;TA=M	NT=Acetyl;AC=UNIMOD:1;PP=Protein N-term;MT=variable	AC=MS:1000422;NT=HCD	25 ppm	0.5 Da	erythrocyte
PXD022549-Sample-32	Homo sapiens	blood	erythrocyte	packed RBC	normal	2	not applicable	no available	no available	not applicable	normal	no depletion	2	run 32	proteomic profiling by mass spectrometry	ErYT180417_1_pRBC_totaux_serie1bis_SCX2_F26150.raw	https://www.ebi.ac.uk/pride/archive/projects/PXD022549/ErYT180417_1_pRBC_totaux_serie1bis_SCX2_F26150	2	AC=PRIDE:0000561; NT=Strong cation-exchange chromatography (SCX)	AC=MS:1002038;NT=label free sample	1	NT=Orbitrap Fusion Lumos;AC=MS:1002732	NT=Trypsin;AC=MS:1001251	AC=MS:1002416; NT=Orbitrap Fusion	AC=PRIDE:0000563;NT=Reversed-phase chromatography	NT=Carbamidomethyl;AC=UNIMOD:4;TA=C;MT=Fixed	NT=Oxidation;AC=UNIMOD:35;MT=Variable;TA=M	NT=Acetyl;AC=UNIMOD:1;PP=Protein N-term;MT=variable	AC=MS:1000422;NT=HCD	25 ppm	0.5 Da	erythrocyte
PXD022549-Sample-33	Homo sapiens	blood	erythrocyte	packed RBC	normal	2	not applicable	no available	no available	not applicable	normal	no depletion	2	run 33	proteomic profiling by mass spectrometry	ErYT180417_1_pRBC_totaux_serie1bis_SCX3_F26151.raw	https://www.ebi.ac.uk/pride/archive/projects/PXD022549/ErYT180417_1_pRBC_totaux_serie1bis_SCX3_F26151	3	AC=PRIDE:0000561; NT=Strong cation-exchange chromatography (SCX)	AC=MS:1002038;NT=label free sample	1	NT=Orbitrap Fusion Lumos;AC=MS:1002732	NT=Trypsin;AC=MS:1001251	AC=MS:1002416; NT=Orbitrap Fusion	AC=PRIDE:0000563;NT=Reversed-phase chromatography	NT=Carbamidomethyl;AC=UNIMOD:4;TA=C;MT=Fixed	NT=Oxidation;AC=UNIMOD:35;MT=Variable;TA=M	NT=Acetyl;AC=UNIMOD:1;PP=Protein N-term;MT=variable	AC=MS:1000422;NT=HCD	25 ppm	0.5 Da	erythrocyte
PXD022549-Sample-34	Homo sapiens	blood	erythrocyte	packed RBC	normal	2	not applicable	no available	no available	not applicable	normal	no depletion	2	run 34	proteomic profiling by mass spectrometry	ErYT180417_1_pRBC_totaux_serie1bis_SCX4_F26152_180705175111.raw	https://www.ebi.ac.uk/pride/archive/projects/PXD022549/ErYT180417_1_pRBC_totaux_serie1bis_SCX4_F26152_180705175111	4	AC=PRIDE:0000561; NT=Strong cation-exchange chromatography (SCX)	AC=MS:1002038;NT=label free sample	1	NT=Orbitrap Fusion Lumos;AC=MS:1002732	NT=Trypsin;AC=MS:1001251	AC=MS:1002416; NT=Orbitrap Fusion	AC=PRIDE:0000563;NT=Reversed-phase chromatography	NT=Carbamidomethyl;AC=UNIMOD:4;TA=C;MT=Fixed	NT=Oxidation;AC=UNIMOD:35;MT=Variable;TA=M	NT=Acetyl;AC=UNIMOD:1;PP=Protein N-term;MT=variable	AC=MS:1000422;NT=HCD	25 ppm	0.5 Da	erythrocyte
PXD022549-Sample-35	Homo sapiens	blood	erythrocyte	packed RBC	normal	2	not applicable	no available	no available	not applicable	normal	no depletion	2	run 35	proteomic profiling by mass spectrometry	ErYT180417_1_pRBC_totaux_serie1bis_SCX5_F26153_180705204602.raw	https://www.ebi.ac.uk/pride/archive/projects/PXD022549/ErYT180417_1_pRBC_totaux_serie1bis_SCX5_F26153_180705204602	5	AC=PRIDE:0000561; NT=Strong cation-exchange chromatography (SCX)	AC=MS:1002038;NT=label free sample	1	NT=Orbitrap Fusion Lumos;AC=MS:1002732	NT=Trypsin;AC=MS:1001251	AC=MS:1002416; NT=Orbitrap Fusion	AC=PRIDE:0000563;NT=Reversed-phase chromatography	NT=Carbamidomethyl;AC=UNIMOD:4;TA=C;MT=Fixed	NT=Oxidation;AC=UNIMOD:35;MT=Variable;TA=M	NT=Acetyl;AC=UNIMOD:1;PP=Protein N-term;MT=variable	AC=MS:1000422;NT=HCD	25 ppm	0.5 Da	erythrocyte
PXD022549-Sample-36	Homo sapiens	blood	erythrocyte	packed RBC	normal	3	not applicable	no available	no available	not applicable	normal	no depletion	3	run 36	proteomic profiling by mass spectrometry	ErYT180417_1_pRBC_totaux_serie2_SCX1_F25710.raw	https://www.ebi.ac.uk/pride/archive/projects/PXD022549/ErYT180417_1_pRBC_totaux_serie2_SCX1_F25710	1	AC=PRIDE:0000561; NT=Strong cation-exchange chromatography (SCX)	AC=MS:1002038;NT=label free sample	1	NT=Orbitrap Fusion Lumos;AC=MS:1002732	NT=Trypsin;AC=MS:1001251	AC=MS:1002416; NT=Orbitrap Fusion	AC=PRIDE:0000563;NT=Reversed-phase chromatography	NT=Carbamidomethyl;AC=UNIMOD:4;TA=C;MT=Fixed	NT=Oxidation;AC=UNIMOD:35;MT=Variable;TA=M	NT=Acetyl;AC=UNIMOD:1;PP=Protein N-term;MT=variable	AC=MS:1000422;NT=HCD	25 ppm	0.5 Da	erythrocyte
PXD022549-Sample-37	Homo sapiens	blood	erythrocyte	packed RBC	normal	3	not applicable	no available	no available	not applicable	normal	no depletion	3	run 37	proteomic profiling by mass spectrometry	ErYT180417_1_pRBC_totaux_serie2_SCX2_F25711.raw	https://www.ebi.ac.uk/pride/archive/projects/PXD022549/ErYT180417_1_pRBC_totaux_serie2_SCX2_F25711	2	AC=PRIDE:0000561; NT=Strong cation-exchange chromatography (SCX)	AC=MS:1002038;NT=label free sample	1	NT=Orbitrap Fusion Lumos;AC=MS:1002732	NT=Trypsin;AC=MS:1001251	AC=MS:1002416; NT=Orbitrap Fusion	AC=PRIDE:0000563;NT=Reversed-phase chromatography	NT=Carbamidomethyl;AC=UNIMOD:4;TA=C;MT=Fixed	NT=Oxidation;AC=UNIMOD:35;MT=Variable;TA=M	NT=Acetyl;AC=UNIMOD:1;PP=Protein N-term;MT=variable	AC=MS:1000422;NT=HCD	25 ppm	0.5 Da	erythrocyte
PXD022549-Sample-38	Homo sapiens	blood	erythrocyte	packed RBC	normal	3	not applicable	no available	no available	not applicable	normal	no depletion	3	run 38	proteomic profiling by mass spectrometry	ErYT180417_1_pRBC_totaux_serie2_SCX3_F25712_180521124516.raw	https://www.ebi.ac.uk/pride/archive/projects/PXD022549/ErYT180417_1_pRBC_totaux_serie2_SCX3_F25712_180521124516	3	AC=PRIDE:0000561; NT=Strong cation-exchange chromatography (SCX)	AC=MS:1002038;NT=label free sample	1	NT=Orbitrap Fusion Lumos;AC=MS:1002732	NT=Trypsin;AC=MS:1001251	AC=MS:1002416; NT=Orbitrap Fusion	AC=PRIDE:0000563;NT=Reversed-phase chromatography	NT=Carbamidomethyl;AC=UNIMOD:4;TA=C;MT=Fixed	NT=Oxidation;AC=UNIMOD:35;MT=Variable;TA=M	NT=Acetyl;AC=UNIMOD:1;PP=Protein N-term;MT=variable	AC=MS:1000422;NT=HCD	25 ppm	0.5 Da	erythrocyte
PXD022549-Sample-39	Homo sapiens	blood	erythrocyte	packed RBC	normal	3	not applicable	no available	no available	not applicable	normal	no depletion	3	run 39	proteomic profiling by mass spectrometry	ErYT180417_1_pRBC_totaux_serie2_SCX4_F25713_180521190135.raw	https://www.ebi.ac.uk/pride/archive/projects/PXD022549/ErYT180417_1_pRBC_totaux_serie2_SCX4_F25713_180521190135	4	AC=PRIDE:0000561; NT=Strong cation-exchange chromatography (SCX)	AC=MS:1002038;NT=label free sample	1	NT=Orbitrap Fusion Lumos;AC=MS:1002732	NT=Trypsin;AC=MS:1001251	AC=MS:1002416; NT=Orbitrap Fusion	AC=PRIDE:0000563;NT=Reversed-phase chromatography	NT=Carbamidomethyl;AC=UNIMOD:4;TA=C;MT=Fixed	NT=Oxidation;AC=UNIMOD:35;MT=Variable;TA=M	NT=Acetyl;AC=UNIMOD:1;PP=Protein N-term;MT=variable	AC=MS:1000422;NT=HCD	25 ppm	0.5 Da	erythrocyte
PXD022549-Sample-40	Homo sapiens	blood	erythrocyte	packed RBC	normal	3	not applicable	no available	no available	not applicable	normal	no depletion	3	run 40	proteomic profiling by mass spectrometry	ErYT180417_1_pRBC_totaux_serie2_SCX5_F25714.raw	https://www.ebi.ac.uk/pride/archive/projects/PXD022549/ErYT180417_1_pRBC_totaux_serie2_SCX5_F25714	5	AC=PRIDE:0000561; NT=Strong cation-exchange chromatography (SCX)	AC=MS:1002038;NT=label free sample	1	NT=Orbitrap Fusion Lumos;AC=MS:1002732	NT=Trypsin;AC=MS:1001251	AC=MS:1002416; NT=Orbitrap Fusion	AC=PRIDE:0000563;NT=Reversed-phase chromatography	NT=Carbamidomethyl;AC=UNIMOD:4;TA=C;MT=Fixed	NT=Oxidation;AC=UNIMOD:35;MT=Variable;TA=M	NT=Acetyl;AC=UNIMOD:1;PP=Protein N-term;MT=variable	AC=MS:1000422;NT=HCD	25 ppm	0.5 Da	erythrocyte
PXD022549-Sample-41	Homo sapiens	blood	erythrocyte	packed RBC	normal	4	not applicable	no available	no available	not applicable	normal	no depletion	4	run 41	proteomic profiling by mass spectrometry	ErYT180417_1_pRBC_totaux_serie3_SCX1_F25804_180626115719.raw	https://www.ebi.ac.uk/pride/archive/projects/PXD022549/ErYT180417_1_pRBC_totaux_serie3_SCX1_F25804_180626115719	1	AC=PRIDE:0000561; NT=Strong cation-exchange chromatography (SCX)	AC=MS:1002038;NT=label free sample	1	NT=Orbitrap Fusion Lumos;AC=MS:1002732	NT=Trypsin;AC=MS:1001251	AC=MS:1002416; NT=Orbitrap Fusion	AC=PRIDE:0000563;NT=Reversed-phase chromatography	NT=Carbamidomethyl;AC=UNIMOD:4;TA=C;MT=Fixed	NT=Oxidation;AC=UNIMOD:35;MT=Variable;TA=M	NT=Acetyl;AC=UNIMOD:1;PP=Protein N-term;MT=variable	AC=MS:1000422;NT=HCD	25 ppm	0.5 Da	erythrocyte
PXD022549-Sample-42	Homo sapiens	blood	erythrocyte	packed RBC	normal	4	not applicable	no available	no available	not applicable	normal	no depletion	4	run 42	proteomic profiling by mass spectrometry	ErYT180417_1_pRBC_totaux_serie3_SCX2_F25805.raw	https://www.ebi.ac.uk/pride/archive/projects/PXD022549/ErYT180417_1_pRBC_totaux_serie3_SCX2_F25805	2	AC=PRIDE:0000561; NT=Strong cation-exchange chromatography (SCX)	AC=MS:1002038;NT=label free sample	1	NT=Orbitrap Fusion Lumos;AC=MS:1002732	NT=Trypsin;AC=MS:1001251	AC=MS:1002416; NT=Orbitrap Fusion	AC=PRIDE:0000563;NT=Reversed-phase chromatography	NT=Carbamidomethyl;AC=UNIMOD:4;TA=C;MT=Fixed	NT=Oxidation;AC=UNIMOD:35;MT=Variable;TA=M	NT=Acetyl;AC=UNIMOD:1;PP=Protein N-term;MT=variable	AC=MS:1000422;NT=HCD	25 ppm	0.5 Da	erythrocyte
PXD022549-Sample-43	Homo sapiens	blood	erythrocyte	packed RBC	normal	4	not applicable	no available	no available	not applicable	normal	no depletion	4	run 43	proteomic profiling by mass spectrometry	ErYT180417_1_pRBC_totaux_serie3_SCX3_F25806.raw	https://www.ebi.ac.uk/pride/archive/projects/PXD022549/ErYT180417_1_pRBC_totaux_serie3_SCX3_F25806	3	AC=PRIDE:0000561; NT=Strong cation-exchange chromatography (SCX)	AC=MS:1002038;NT=label free sample	1	NT=Orbitrap Fusion Lumos;AC=MS:1002732	NT=Trypsin;AC=MS:1001251	AC=MS:1002416; NT=Orbitrap Fusion	AC=PRIDE:0000563;NT=Reversed-phase chromatography	NT=Carbamidomethyl;AC=UNIMOD:4;TA=C;MT=Fixed	NT=Oxidation;AC=UNIMOD:35;MT=Variable;TA=M	NT=Acetyl;AC=UNIMOD:1;PP=Protein N-term;MT=variable	AC=MS:1000422;NT=HCD	25 ppm	0.5 Da	erythrocyte
PXD022549-Sample-44	Homo sapiens	blood	erythrocyte	packed RBC	normal	4	not applicable	no available	no available	not applicable	normal	no depletion	4	run 44	proteomic profiling by mass spectrometry	ErYT180417_1_pRBC_totaux_serie3_SCX4_F25807.raw	https://www.ebi.ac.uk/pride/archive/projects/PXD022549/ErYT180417_1_pRBC_totaux_serie3_SCX4_F25807	4	AC=PRIDE:0000561; NT=Strong cation-exchange chromatography (SCX)	AC=MS:1002038;NT=label free sample	1	NT=Orbitrap Fusion Lumos;AC=MS:1002732	NT=Trypsin;AC=MS:1001251	AC=MS:1002416; NT=Orbitrap Fusion	AC=PRIDE:0000563;NT=Reversed-phase chromatography	NT=Carbamidomethyl;AC=UNIMOD:4;TA=C;MT=Fixed	NT=Oxidation;AC=UNIMOD:35;MT=Variable;TA=M	NT=Acetyl;AC=UNIMOD:1;PP=Protein N-term;MT=variable	AC=MS:1000422;NT=HCD	25 ppm	0.5 Da	erythrocyte
PXD022549-Sample-45	Homo sapiens	blood	erythrocyte	packed RBC	normal	4	not applicable	no available	no available	not applicable	normal	no depletion	4	run 45	proteomic profiling by mass spectrometry	ErYT180417_1_pRBC_totaux_serie3_SCX5_F25808.raw	https://www.ebi.ac.uk/pride/archive/projects/PXD022549/ErYT180417_1_pRBC_totaux_serie3_SCX5_F25808	5	AC=PRIDE:0000561; NT=Strong cation-exchange chromatography (SCX)	AC=MS:1002038;NT=label free sample	1	NT=Orbitrap Fusion Lumos;AC=MS:1002732	NT=Trypsin;AC=MS:1001251	AC=MS:1002416; NT=Orbitrap Fusion	AC=PRIDE:0000563;NT=Reversed-phase chromatography	NT=Carbamidomethyl;AC=UNIMOD:4;TA=C;MT=Fixed	NT=Oxidation;AC=UNIMOD:35;MT=Variable;TA=M	NT=Acetyl;AC=UNIMOD:1;PP=Protein N-term;MT=variable	AC=MS:1000422;NT=HCD	25 ppm	0.5 Da	erythrocyte
PXD022549-Sample-46	Homo sapiens	blood	erythrocyte	proceded RBC	normal	2	not applicable	no available	no available	not applicable	normal	no depletion	2	run 46	proteomic profiling by mass spectrometry	ErYT180417_2_proRBC_totaux_serie1bis_SCX1_F26155.raw	https://www.ebi.ac.uk/pride/archive/projects/PXD022549/ErYT180417_2_proRBC_totaux_serie1bis_SCX1_F26155	1	AC=PRIDE:0000561; NT=Strong cation-exchange chromatography (SCX)	AC=MS:1002038;NT=label free sample	1	NT=Orbitrap Fusion Lumos;AC=MS:1002732	NT=Trypsin;AC=MS:1001251	AC=MS:1002416; NT=Orbitrap Fusion	AC=PRIDE:0000563;NT=Reversed-phase chromatography	NT=Carbamidomethyl;AC=UNIMOD:4;TA=C;MT=Fixed	NT=Oxidation;AC=UNIMOD:35;MT=Variable;TA=M	NT=Acetyl;AC=UNIMOD:1;PP=Protein N-term;MT=variable	AC=MS:1000422;NT=HCD	25 ppm	0.5 Da	erythrocyte
PXD022549-Sample-47	Homo sapiens	blood	erythrocyte	proceded RBC	normal	2	not applicable	no available	no available	not applicable	normal	no depletion	2	run 47	proteomic profiling by mass spectrometry	ErYT180417_2_proRBC_totaux_serie1bis_SCX2_F26156_180706000233.raw	https://www.ebi.ac.uk/pride/archive/projects/PXD022549/ErYT180417_2_proRBC_totaux_serie1bis_SCX2_F26156_180706000233	2	AC=PRIDE:0000561; NT=Strong cation-exchange chromatography (SCX)	AC=MS:1002038;NT=label free sample	1	NT=Orbitrap Fusion Lumos;AC=MS:1002732	NT=Trypsin;AC=MS:1001251	AC=MS:1002416; NT=Orbitrap Fusion	AC=PRIDE:0000563;NT=Reversed-phase chromatography	NT=Carbamidomethyl;AC=UNIMOD:4;TA=C;MT=Fixed	NT=Oxidation;AC=UNIMOD:35;MT=Variable;TA=M	NT=Acetyl;AC=UNIMOD:1;PP=Protein N-term;MT=variable	AC=MS:1000422;NT=HCD	25 ppm	0.5 Da	erythrocyte
PXD022549-Sample-48	Homo sapiens	blood	erythrocyte	proceded RBC	normal	2	not applicable	no available	no available	not applicable	normal	no depletion	2	run 48	proteomic profiling by mass spectrometry	ErYT180417_2_proRBC_totaux_serie1bis_SCX3_F26157_180706025721.raw	https://www.ebi.ac.uk/pride/archive/projects/PXD022549/ErYT180417_2_proRBC_totaux_serie1bis_SCX3_F26157_180706025721	3	AC=PRIDE:0000561; NT=Strong cation-exchange chromatography (SCX)	AC=MS:1002038;NT=label free sample	1	NT=Orbitrap Fusion Lumos;AC=MS:1002732	NT=Trypsin;AC=MS:1001251	AC=MS:1002416; NT=Orbitrap Fusion	AC=PRIDE:0000563;NT=Reversed-phase chromatography	NT=Carbamidomethyl;AC=UNIMOD:4;TA=C;MT=Fixed	NT=Oxidation;AC=UNIMOD:35;MT=Variable;TA=M	NT=Acetyl;AC=UNIMOD:1;PP=Protein N-term;MT=variable	AC=MS:1000422;NT=HCD	25 ppm	0.5 Da	erythrocyte
PXD022549-Sample-49	Homo sapiens	blood	erythrocyte	proceded RBC	normal	2	not applicable	no available	no available	not applicable	normal	no depletion	2	run 49	proteomic profiling by mass spectrometry	ErYT180417_2_proRBC_totaux_serie1bis_SCX4_F26158_180706055208.raw	https://www.ebi.ac.uk/pride/archive/projects/PXD022549/ErYT180417_2_proRBC_totaux_serie1bis_SCX4_F26158_180706055208	4	AC=PRIDE:0000561; NT=Strong cation-exchange chromatography (SCX)	AC=MS:1002038;NT=label free sample	1	NT=Orbitrap Fusion Lumos;AC=MS:1002732	NT=Trypsin;AC=MS:1001251	AC=MS:1002416; NT=Orbitrap Fusion	AC=PRIDE:0000563;NT=Reversed-phase chromatography	NT=Carbamidomethyl;AC=UNIMOD:4;TA=C;MT=Fixed	NT=Oxidation;AC=UNIMOD:35;MT=Variable;TA=M	NT=Acetyl;AC=UNIMOD:1;PP=Protein N-term;MT=variable	AC=MS:1000422;NT=HCD	25 ppm	0.5 Da	erythrocyte
PXD022549-Sample-50	Homo sapiens	blood	erythrocyte	proceded RBC	normal	2	not applicable	no available	no available	not applicable	normal	no depletion	2	run 50	proteomic profiling by mass spectrometry	ErYT180417_2_proRBC_totaux_serie1bis_SCX5_F26159_180706084652.raw	https://www.ebi.ac.uk/pride/archive/projects/PXD022549/ErYT180417_2_proRBC_totaux_serie1bis_SCX5_F26159_180706084652	5	AC=PRIDE:0000561; NT=Strong cation-exchange chromatography (SCX)	AC=MS:1002038;NT=label free sample	1	NT=Orbitrap Fusion Lumos;AC=MS:1002732	NT=Trypsin;AC=MS:1001251	AC=MS:1002416; NT=Orbitrap Fusion	AC=PRIDE:0000563;NT=Reversed-phase chromatography	NT=Carbamidomethyl;AC=UNIMOD:4;TA=C;MT=Fixed	NT=Oxidation;AC=UNIMOD:35;MT=Variable;TA=M	NT=Acetyl;AC=UNIMOD:1;PP=Protein N-term;MT=variable	AC=MS:1000422;NT=HCD	25 ppm	0.5 Da	erythrocyte
PXD022549-Sample-51	Homo sapiens	blood	erythrocyte	proceded RBC	normal	3	not applicable	no available	no available	not applicable	normal	no depletion	3	run 51	proteomic profiling by mass spectrometry	ErYT180417_2_proRBC_totaux_serie2_SCX1_F25715.raw	https://www.ebi.ac.uk/pride/archive/projects/PXD022549/ErYT180417_2_proRBC_totaux_serie2_SCX1_F25715	1	AC=PRIDE:0000561; NT=Strong cation-exchange chromatography (SCX)	AC=MS:1002038;NT=label free sample	1	NT=Orbitrap Fusion Lumos;AC=MS:1002732	NT=Trypsin;AC=MS:1001251	AC=MS:1002416; NT=Orbitrap Fusion	AC=PRIDE:0000563;NT=Reversed-phase chromatography	NT=Carbamidomethyl;AC=UNIMOD:4;TA=C;MT=Fixed	NT=Oxidation;AC=UNIMOD:35;MT=Variable;TA=M	NT=Acetyl;AC=UNIMOD:1;PP=Protein N-term;MT=variable	AC=MS:1000422;NT=HCD	25 ppm	0.5 Da	erythrocyte
PXD022549-Sample-52	Homo sapiens	blood	erythrocyte	proceded RBC	normal	3	not applicable	no available	no available	not applicable	normal	no depletion	3	run 52	proteomic profiling by mass spectrometry	ErYT180417_2_proRBC_totaux_serie2_SCX2_F25716.raw	https://www.ebi.ac.uk/pride/archive/projects/PXD022549/ErYT180417_2_proRBC_totaux_serie2_SCX2_F25716	2	AC=PRIDE:0000561; NT=Strong cation-exchange chromatography (SCX)	AC=MS:1002038;NT=label free sample	1	NT=Orbitrap Fusion Lumos;AC=MS:1002732	NT=Trypsin;AC=MS:1001251	AC=MS:1002416; NT=Orbitrap Fusion	AC=PRIDE:0000563;NT=Reversed-phase chromatography	NT=Carbamidomethyl;AC=UNIMOD:4;TA=C;MT=Fixed	NT=Oxidation;AC=UNIMOD:35;MT=Variable;TA=M	NT=Acetyl;AC=UNIMOD:1;PP=Protein N-term;MT=variable	AC=MS:1000422;NT=HCD	25 ppm	0.5 Da	erythrocyte
PXD022549-Sample-53	Homo sapiens	blood	erythrocyte	proceded RBC	normal	3	not applicable	no available	no available	not applicable	normal	no depletion	3	run 53	proteomic profiling by mass spectrometry	ErYT180417_2_proRBC_totaux_serie2_SCX3_F25717.raw	https://www.ebi.ac.uk/pride/archive/projects/PXD022549/ErYT180417_2_proRBC_totaux_serie2_SCX3_F25717	3	AC=PRIDE:0000561; NT=Strong cation-exchange chromatography (SCX)	AC=MS:1002038;NT=label free sample	1	NT=Orbitrap Fusion Lumos;AC=MS:1002732	NT=Trypsin;AC=MS:1001251	AC=MS:1002416; NT=Orbitrap Fusion	AC=PRIDE:0000563;NT=Reversed-phase chromatography	NT=Carbamidomethyl;AC=UNIMOD:4;TA=C;MT=Fixed	NT=Oxidation;AC=UNIMOD:35;MT=Variable;TA=M	NT=Acetyl;AC=UNIMOD:1;PP=Protein N-term;MT=variable	AC=MS:1000422;NT=HCD	25 ppm	0.5 Da	erythrocyte
PXD022549-Sample-54	Homo sapiens	blood	erythrocyte	proceded RBC	normal	3	not applicable	no available	no available	not applicable	normal	no depletion	3	run 54	proteomic profiling by mass spectrometry	ErYT180417_2_proRBC_totaux_serie2_SCX4_F25718.raw	https://www.ebi.ac.uk/pride/archive/projects/PXD022549/ErYT180417_2_proRBC_totaux_serie2_SCX4_F25718	4	AC=PRIDE:0000561; NT=Strong cation-exchange chromatography (SCX)	AC=MS:1002038;NT=label free sample	1	NT=Orbitrap Fusion Lumos;AC=MS:1002732	NT=Trypsin;AC=MS:1001251	AC=MS:1002416; NT=Orbitrap Fusion	AC=PRIDE:0000563;NT=Reversed-phase chromatography	NT=Carbamidomethyl;AC=UNIMOD:4;TA=C;MT=Fixed	NT=Oxidation;AC=UNIMOD:35;MT=Variable;TA=M	NT=Acetyl;AC=UNIMOD:1;PP=Protein N-term;MT=variable	AC=MS:1000422;NT=HCD	25 ppm	0.5 Da	erythrocyte
PXD022549-Sample-55	Homo sapiens	blood	erythrocyte	proceded RBC	normal	3	not applicable	no available	no available	not applicable	normal	no depletion	3	run 55	proteomic profiling by mass spectrometry	ErYT180417_2_proRBC_totaux_serie2_SCX5_F25719.raw	https://www.ebi.ac.uk/pride/archive/projects/PXD022549/ErYT180417_2_proRBC_totaux_serie2_SCX5_F25719	5	AC=PRIDE:0000561; NT=Strong cation-exchange chromatography (SCX)	AC=MS:1002038;NT=label free sample	1	NT=Orbitrap Fusion Lumos;AC=MS:1002732	NT=Trypsin;AC=MS:1001251	AC=MS:1002416; NT=Orbitrap Fusion	AC=PRIDE:0000563;NT=Reversed-phase chromatography	NT=Carbamidomethyl;AC=UNIMOD:4;TA=C;MT=Fixed	NT=Oxidation;AC=UNIMOD:35;MT=Variable;TA=M	NT=Acetyl;AC=UNIMOD:1;PP=Protein N-term;MT=variable	AC=MS:1000422;NT=HCD	25 ppm	0.5 Da	erythrocyte
PXD022549-Sample-56	Homo sapiens	blood	erythrocyte	proceded RBC	normal	4	not applicable	no available	no available	not applicable	normal	no depletion	4	run 56	proteomic profiling by mass spectrometry	ErYT180417_2_proRBC_totaux_serie3_SCX1_F25809.raw	https://www.ebi.ac.uk/pride/archive/projects/PXD022549/ErYT180417_2_proRBC_totaux_serie3_SCX1_F25809	1	AC=PRIDE:0000561; NT=Strong cation-exchange chromatography (SCX)	AC=MS:1002038;NT=label free sample	1	NT=Orbitrap Fusion Lumos;AC=MS:1002732	NT=Trypsin;AC=MS:1001251	AC=MS:1002416; NT=Orbitrap Fusion	AC=PRIDE:0000563;NT=Reversed-phase chromatography	NT=Carbamidomethyl;AC=UNIMOD:4;TA=C;MT=Fixed	NT=Oxidation;AC=UNIMOD:35;MT=Variable;TA=M	NT=Acetyl;AC=UNIMOD:1;PP=Protein N-term;MT=variable	AC=MS:1000422;NT=HCD	25 ppm	0.5 Da	erythrocyte
PXD022549-Sample-57	Homo sapiens	blood	erythrocyte	proceded RBC	normal	4	not applicable	no available	no available	not applicable	normal	no depletion	4	run 57	proteomic profiling by mass spectrometry	ErYT180417_2_proRBC_totaux_serie3_SCX2_F25810.raw	https://www.ebi.ac.uk/pride/archive/projects/PXD022549/ErYT180417_2_proRBC_totaux_serie3_SCX2_F25810	2	AC=PRIDE:0000561; NT=Strong cation-exchange chromatography (SCX)	AC=MS:1002038;NT=label free sample	1	NT=Orbitrap Fusion Lumos;AC=MS:1002732	NT=Trypsin;AC=MS:1001251	AC=MS:1002416; NT=Orbitrap Fusion	AC=PRIDE:0000563;NT=Reversed-phase chromatography	NT=Carbamidomethyl;AC=UNIMOD:4;TA=C;MT=Fixed	NT=Oxidation;AC=UNIMOD:35;MT=Variable;TA=M	NT=Acetyl;AC=UNIMOD:1;PP=Protein N-term;MT=variable	AC=MS:1000422;NT=HCD	25 ppm	0.5 Da	erythrocyte
PXD022549-Sample-58	Homo sapiens	blood	erythrocyte	proceded RBC	normal	4	not applicable	no available	no available	not applicable	normal	no depletion	4	run 58	proteomic profiling by mass spectrometry	ErYT180417_2_proRBC_totaux_serie3_SCX3_F25811.raw	https://www.ebi.ac.uk/pride/archive/projects/PXD022549/ErYT180417_2_proRBC_totaux_serie3_SCX3_F25811	3	AC=PRIDE:0000561; NT=Strong cation-exchange chromatography (SCX)	AC=MS:1002038;NT=label free sample	1	NT=Orbitrap Fusion Lumos;AC=MS:1002732	NT=Trypsin;AC=MS:1001251	AC=MS:1002416; NT=Orbitrap Fusion	AC=PRIDE:0000563;NT=Reversed-phase chromatography	NT=Carbamidomethyl;AC=UNIMOD:4;TA=C;MT=Fixed	NT=Oxidation;AC=UNIMOD:35;MT=Variable;TA=M	NT=Acetyl;AC=UNIMOD:1;PP=Protein N-term;MT=variable	AC=MS:1000422;NT=HCD	25 ppm	0.5 Da	erythrocyte
PXD022549-Sample-59	Homo sapiens	blood	erythrocyte	proceded RBC	normal	4	not applicable	no available	no available	not applicable	normal	no depletion	4	run 59	proteomic profiling by mass spectrometry	ErYT180417_2_proRBC_totaux_serie3_SCX4_F25812.raw	https://www.ebi.ac.uk/pride/archive/projects/PXD022549/ErYT180417_2_proRBC_totaux_serie3_SCX4_F25812	4	AC=PRIDE:0000561; NT=Strong cation-exchange chromatography (SCX)	AC=MS:1002038;NT=label free sample	1	NT=Orbitrap Fusion Lumos;AC=MS:1002732	NT=Trypsin;AC=MS:1001251	AC=MS:1002416; NT=Orbitrap Fusion	AC=PRIDE:0000563;NT=Reversed-phase chromatography	NT=Carbamidomethyl;AC=UNIMOD:4;TA=C;MT=Fixed	NT=Oxidation;AC=UNIMOD:35;MT=Variable;TA=M	NT=Acetyl;AC=UNIMOD:1;PP=Protein N-term;MT=variable	AC=MS:1000422;NT=HCD	25 ppm	0.5 Da	erythrocyte
PXD022549-Sample-60	Homo sapiens	blood	erythrocyte	proceded RBC	normal	4	not applicable	no available	no available	not applicable	normal	no depletion	4	run 60	proteomic profiling by mass spectrometry	ErYT180417_2_proRBC_totaux_serie3_SCX5_F25813.raw	https://www.ebi.ac.uk/pride/archive/projects/PXD022549/ErYT180417_2_proRBC_totaux_serie3_SCX5_F25813	5	AC=PRIDE:0000561; NT=Strong cation-exchange chromatography (SCX)	AC=MS:1002038;NT=label free sample	1	NT=Orbitrap Fusion Lumos;AC=MS:1002732	NT=Trypsin;AC=MS:1001251	AC=MS:1002416; NT=Orbitrap Fusion	AC=PRIDE:0000563;NT=Reversed-phase chromatography	NT=Carbamidomethyl;AC=UNIMOD:4;TA=C;MT=Fixed	NT=Oxidation;AC=UNIMOD:35;MT=Variable;TA=M	NT=Acetyl;AC=UNIMOD:1;PP=Protein N-term;MT=variable	AC=MS:1000422;NT=HCD	25 ppm	0.5 Da	erythrocyte
PXD022549-Sample-61	Homo sapiens	blood	erythrocyte	eryaspase	normal	2	not applicable	no available	no available	not applicable	normal	no depletion	2	run 61	proteomic profiling by mass spectrometry	ErYT180417_3_GRASPA_totaux_serie1bis_SCX1_F26161.raw	https://www.ebi.ac.uk/pride/archive/projects/PXD022549/ErYT180417_3_GRASPA_totaux_serie1bis_SCX1_F26161	1	AC=PRIDE:0000561; NT=Strong cation-exchange chromatography (SCX)	AC=MS:1002038;NT=label free sample	1	NT=Orbitrap Fusion Lumos;AC=MS:1002732	NT=Trypsin;AC=MS:1001251	AC=MS:1002416; NT=Orbitrap Fusion	AC=PRIDE:0000563;NT=Reversed-phase chromatography	NT=Carbamidomethyl;AC=UNIMOD:4;TA=C;MT=Fixed	NT=Oxidation;AC=UNIMOD:35;MT=Variable;TA=M	NT=Acetyl;AC=UNIMOD:1;PP=Protein N-term;MT=variable	AC=MS:1000422;NT=HCD	25 ppm	0.5 Da	erythrocyte
PXD022549-Sample-62	Homo sapiens	blood	erythrocyte	eryaspase	normal	2	not applicable	no available	no available	not applicable	normal	no depletion	2	run 62	proteomic profiling by mass spectrometry	ErYT180417_3_GRASPA_totaux_serie1bis_SCX2_F26162.raw	https://www.ebi.ac.uk/pride/archive/projects/PXD022549/ErYT180417_3_GRASPA_totaux_serie1bis_SCX2_F26162	2	AC=PRIDE:0000561; NT=Strong cation-exchange chromatography (SCX)	AC=MS:1002038;NT=label free sample	1	NT=Orbitrap Fusion Lumos;AC=MS:1002732	NT=Trypsin;AC=MS:1001251	AC=MS:1002416; NT=Orbitrap Fusion	AC=PRIDE:0000563;NT=Reversed-phase chromatography	NT=Carbamidomethyl;AC=UNIMOD:4;TA=C;MT=Fixed	NT=Oxidation;AC=UNIMOD:35;MT=Variable;TA=M	NT=Acetyl;AC=UNIMOD:1;PP=Protein N-term;MT=variable	AC=MS:1000422;NT=HCD	25 ppm	0.5 Da	erythrocyte
PXD022549-Sample-63	Homo sapiens	blood	erythrocyte	eryaspase	normal	2	not applicable	no available	no available	not applicable	normal	no depletion	2	run 63	proteomic profiling by mass spectrometry	ErYT180417_3_GRASPA_totaux_serie1bis_SCX3_F26163_180706120326.raw	https://www.ebi.ac.uk/pride/archive/projects/PXD022549/ErYT180417_3_GRASPA_totaux_serie1bis_SCX3_F26163_180706120326	3	AC=PRIDE:0000561; NT=Strong cation-exchange chromatography (SCX)	AC=MS:1002038;NT=label free sample	1	NT=Orbitrap Fusion Lumos;AC=MS:1002732	NT=Trypsin;AC=MS:1001251	AC=MS:1002416; NT=Orbitrap Fusion	AC=PRIDE:0000563;NT=Reversed-phase chromatography	NT=Carbamidomethyl;AC=UNIMOD:4;TA=C;MT=Fixed	NT=Oxidation;AC=UNIMOD:35;MT=Variable;TA=M	NT=Acetyl;AC=UNIMOD:1;PP=Protein N-term;MT=variable	AC=MS:1000422;NT=HCD	25 ppm	0.5 Da	erythrocyte
PXD022549-Sample-64	Homo sapiens	blood	erythrocyte	eryaspase	normal	2	not applicable	no available	no available	not applicable	normal	no depletion	2	run 64	proteomic profiling by mass spectrometry	ErYT180417_3_GRASPA_totaux_serie1bis_SCX4_F26164.raw	https://www.ebi.ac.uk/pride/archive/projects/PXD022549/ErYT180417_3_GRASPA_totaux_serie1bis_SCX4_F26164	4	AC=PRIDE:0000561; NT=Strong cation-exchange chromatography (SCX)	AC=MS:1002038;NT=label free sample	1	NT=Orbitrap Fusion Lumos;AC=MS:1002732	NT=Trypsin;AC=MS:1001251	AC=MS:1002416; NT=Orbitrap Fusion	AC=PRIDE:0000563;NT=Reversed-phase chromatography	NT=Carbamidomethyl;AC=UNIMOD:4;TA=C;MT=Fixed	NT=Oxidation;AC=UNIMOD:35;MT=Variable;TA=M	NT=Acetyl;AC=UNIMOD:1;PP=Protein N-term;MT=variable	AC=MS:1000422;NT=HCD	25 ppm	0.5 Da	erythrocyte
PXD022549-Sample-65	Homo sapiens	blood	erythrocyte	eryaspase	normal	2	not applicable	no available	no available	not applicable	normal	no depletion	2	run 65	proteomic profiling by mass spectrometry	ErYT180417_3_GRASPA_totaux_serie1bis_SCX5_F26165.raw	https://www.ebi.ac.uk/pride/archive/projects/PXD022549/ErYT180417_3_GRASPA_totaux_serie1bis_SCX5_F26165	5	AC=PRIDE:0000561; NT=Strong cation-exchange chromatography (SCX)	AC=MS:1002038;NT=label free sample	1	NT=Orbitrap Fusion Lumos;AC=MS:1002732	NT=Trypsin;AC=MS:1001251	AC=MS:1002416; NT=Orbitrap Fusion	AC=PRIDE:0000563;NT=Reversed-phase chromatography	NT=Carbamidomethyl;AC=UNIMOD:4;TA=C;MT=Fixed	NT=Oxidation;AC=UNIMOD:35;MT=Variable;TA=M	NT=Acetyl;AC=UNIMOD:1;PP=Protein N-term;MT=variable	AC=MS:1000422;NT=HCD	25 ppm	0.5 Da	erythrocyte
PXD022549-Sample-66	Homo sapiens	blood	erythrocyte	eryaspase	normal	3	not applicable	no available	no available	not applicable	normal	no depletion	3	run 66	proteomic profiling by mass spectrometry	ErYT180417_3_GRASPA_totaux_serie2_SCX1_F25720.raw	https://www.ebi.ac.uk/pride/archive/projects/PXD022549/ErYT180417_3_GRASPA_totaux_serie2_SCX1_F25720	1	AC=PRIDE:0000561; NT=Strong cation-exchange chromatography (SCX)	AC=MS:1002038;NT=label free sample	1	NT=Orbitrap Fusion Lumos;AC=MS:1002732	NT=Trypsin;AC=MS:1001251	AC=MS:1002416; NT=Orbitrap Fusion	AC=PRIDE:0000563;NT=Reversed-phase chromatography	NT=Carbamidomethyl;AC=UNIMOD:4;TA=C;MT=Fixed	NT=Oxidation;AC=UNIMOD:35;MT=Variable;TA=M	NT=Acetyl;AC=UNIMOD:1;PP=Protein N-term;MT=variable	AC=MS:1000422;NT=HCD	25 ppm	0.5 Da	erythrocyte
PXD022549-Sample-67	Homo sapiens	blood	erythrocyte	eryaspase	normal	3	not applicable	no available	no available	not applicable	normal	no depletion	3	run 67	proteomic profiling by mass spectrometry	ErYT180417_3_GRASPA_totaux_serie2_SCX2_F25721.raw	https://www.ebi.ac.uk/pride/archive/projects/PXD022549/ErYT180417_3_GRASPA_totaux_serie2_SCX2_F25721	2	AC=PRIDE:0000561; NT=Strong cation-exchange chromatography (SCX)	AC=MS:1002038;NT=label free sample	1	NT=Orbitrap Fusion Lumos;AC=MS:1002732	NT=Trypsin;AC=MS:1001251	AC=MS:1002416; NT=Orbitrap Fusion	AC=PRIDE:0000563;NT=Reversed-phase chromatography	NT=Carbamidomethyl;AC=UNIMOD:4;TA=C;MT=Fixed	NT=Oxidation;AC=UNIMOD:35;MT=Variable;TA=M	NT=Acetyl;AC=UNIMOD:1;PP=Protein N-term;MT=variable	AC=MS:1000422;NT=HCD	25 ppm	0.5 Da	erythrocyte
PXD022549-Sample-68	Homo sapiens	blood	erythrocyte	eryaspase	normal	3	not applicable	no available	no available	not applicable	normal	no depletion	3	run 68	proteomic profiling by mass spectrometry	ErYT180417_3_GRASPA_totaux_serie2_SCX3_F25722.raw	https://www.ebi.ac.uk/pride/archive/projects/PXD022549/ErYT180417_3_GRASPA_totaux_serie2_SCX3_F25722	3	AC=PRIDE:0000561; NT=Strong cation-exchange chromatography (SCX)	AC=MS:1002038;NT=label free sample	1	NT=Orbitrap Fusion Lumos;AC=MS:1002732	NT=Trypsin;AC=MS:1001251	AC=MS:1002416; NT=Orbitrap Fusion	AC=PRIDE:0000563;NT=Reversed-phase chromatography	NT=Carbamidomethyl;AC=UNIMOD:4;TA=C;MT=Fixed	NT=Oxidation;AC=UNIMOD:35;MT=Variable;TA=M	NT=Acetyl;AC=UNIMOD:1;PP=Protein N-term;MT=variable	AC=MS:1000422;NT=HCD	25 ppm	0.5 Da	erythrocyte
PXD022549-Sample-69	Homo sapiens	blood	erythrocyte	eryaspase	normal	3	not applicable	no available	no available	not applicable	normal	no depletion	3	run 69	proteomic profiling by mass spectrometry	ErYT180417_3_GRASPA_totaux_serie2_SCX4_F25723.raw	https://www.ebi.ac.uk/pride/archive/projects/PXD022549/ErYT180417_3_GRASPA_totaux_serie2_SCX4_F25723	4	AC=PRIDE:0000561; NT=Strong cation-exchange chromatography (SCX)	AC=MS:1002038;NT=label free sample	1	NT=Orbitrap Fusion Lumos;AC=MS:1002732	NT=Trypsin;AC=MS:1001251	AC=MS:1002416; NT=Orbitrap Fusion	AC=PRIDE:0000563;NT=Reversed-phase chromatography	NT=Carbamidomethyl;AC=UNIMOD:4;TA=C;MT=Fixed	NT=Oxidation;AC=UNIMOD:35;MT=Variable;TA=M	NT=Acetyl;AC=UNIMOD:1;PP=Protein N-term;MT=variable	AC=MS:1000422;NT=HCD	25 ppm	0.5 Da	erythrocyte
PXD022549-Sample-70	Homo sapiens	blood	erythrocyte	eryaspase	normal	3	not applicable	no available	no available	not applicable	normal	no depletion	3	run 70	proteomic profiling by mass spectrometry	ErYT180417_3_GRASPA_totaux_serie2_SCX5_F25724.raw	https://www.ebi.ac.uk/pride/archive/projects/PXD022549/ErYT180417_3_GRASPA_totaux_serie2_SCX5_F25724	5	AC=PRIDE:0000561; NT=Strong cation-exchange chromatography (SCX)	AC=MS:1002038;NT=label free sample	1	NT=Orbitrap Fusion Lumos;AC=MS:1002732	NT=Trypsin;AC=MS:1001251	AC=MS:1002416; NT=Orbitrap Fusion	AC=PRIDE:0000563;NT=Reversed-phase chromatography	NT=Carbamidomethyl;AC=UNIMOD:4;TA=C;MT=Fixed	NT=Oxidation;AC=UNIMOD:35;MT=Variable;TA=M	NT=Acetyl;AC=UNIMOD:1;PP=Protein N-term;MT=variable	AC=MS:1000422;NT=HCD	25 ppm	0.5 Da	erythrocyte
PXD022549-Sample-71	Homo sapiens	blood	erythrocyte	eryaspase	normal	4	not applicable	no available	no available	not applicable	normal	no depletion	4	run 71	proteomic profiling by mass spectrometry	ErYT180417_3_GRASPA_totaux_serie3_SCX1_F25814.raw	https://www.ebi.ac.uk/pride/archive/projects/PXD022549/ErYT180417_3_GRASPA_totaux_serie3_SCX1_F25814	1	AC=PRIDE:0000561; NT=Strong cation-exchange chromatography (SCX)	AC=MS:1002038;NT=label free sample	1	NT=Orbitrap Fusion Lumos;AC=MS:1002732	NT=Trypsin;AC=MS:1001251	AC=MS:1002416; NT=Orbitrap Fusion	AC=PRIDE:0000563;NT=Reversed-phase chromatography	NT=Carbamidomethyl;AC=UNIMOD:4;TA=C;MT=Fixed	NT=Oxidation;AC=UNIMOD:35;MT=Variable;TA=M	NT=Acetyl;AC=UNIMOD:1;PP=Protein N-term;MT=variable	AC=MS:1000422;NT=HCD	25 ppm	0.5 Da	erythrocyte
PXD022549-Sample-72	Homo sapiens	blood	erythrocyte	eryaspase	normal	4	not applicable	no available	no available	not applicable	normal	no depletion	4	run 72	proteomic profiling by mass spectrometry	ErYT180417_3_GRASPA_totaux_serie3_SCX2_F25815.raw	https://www.ebi.ac.uk/pride/archive/projects/PXD022549/ErYT180417_3_GRASPA_totaux_serie3_SCX2_F25815	2	AC=PRIDE:0000561; NT=Strong cation-exchange chromatography (SCX)	AC=MS:1002038;NT=label free sample	1	NT=Orbitrap Fusion Lumos;AC=MS:1002732	NT=Trypsin;AC=MS:1001251	AC=MS:1002416; NT=Orbitrap Fusion	AC=PRIDE:0000563;NT=Reversed-phase chromatography	NT=Carbamidomethyl;AC=UNIMOD:4;TA=C;MT=Fixed	NT=Oxidation;AC=UNIMOD:35;MT=Variable;TA=M	NT=Acetyl;AC=UNIMOD:1;PP=Protein N-term;MT=variable	AC=MS:1000422;NT=HCD	25 ppm	0.5 Da	erythrocyte
PXD022549-Sample-73	Homo sapiens	blood	erythrocyte	eryaspase	normal	4	not applicable	no available	no available	not applicable	normal	no depletion	4	run 73	proteomic profiling by mass spectrometry	ErYT180417_3_GRASPA_totaux_serie3_SCX3_F25816.raw	https://www.ebi.ac.uk/pride/archive/projects/PXD022549/ErYT180417_3_GRASPA_totaux_serie3_SCX3_F25816	3	AC=PRIDE:0000561; NT=Strong cation-exchange chromatography (SCX)	AC=MS:1002038;NT=label free sample	1	NT=Orbitrap Fusion Lumos;AC=MS:1002732	NT=Trypsin;AC=MS:1001251	AC=MS:1002416; NT=Orbitrap Fusion	AC=PRIDE:0000563;NT=Reversed-phase chromatography	NT=Carbamidomethyl;AC=UNIMOD:4;TA=C;MT=Fixed	NT=Oxidation;AC=UNIMOD:35;MT=Variable;TA=M	NT=Acetyl;AC=UNIMOD:1;PP=Protein N-term;MT=variable	AC=MS:1000422;NT=HCD	25 ppm	0.5 Da	erythrocyte
PXD022549-Sample-74	Homo sapiens	blood	erythrocyte	eryaspase	normal	4	not applicable	no available	no available	not applicable	normal	no depletion	4	run 74	proteomic profiling by mass spectrometry	ErYT180417_3_GRASPA_totaux_serie3_SCX4_F25817.raw	https://www.ebi.ac.uk/pride/archive/projects/PXD022549/ErYT180417_3_GRASPA_totaux_serie3_SCX4_F25817	4	AC=PRIDE:0000561; NT=Strong cation-exchange chromatography (SCX)	AC=MS:1002038;NT=label free sample	1	NT=Orbitrap Fusion Lumos;AC=MS:1002732	NT=Trypsin;AC=MS:1001251	AC=MS:1002416; NT=Orbitrap Fusion	AC=PRIDE:0000563;NT=Reversed-phase chromatography	NT=Carbamidomethyl;AC=UNIMOD:4;TA=C;MT=Fixed	NT=Oxidation;AC=UNIMOD:35;MT=Variable;TA=M	NT=Acetyl;AC=UNIMOD:1;PP=Protein N-term;MT=variable	AC=MS:1000422;NT=HCD	25 ppm	0.5 Da	erythrocyte
PXD022549-Sample-75	Homo sapiens	blood	erythrocyte	eryaspase	normal	4	not applicable	no available	no available	not applicable	normal	no depletion	4	run 75	proteomic profiling by mass spectrometry	ErYT180417_3_GRASPA_totaux_serie3_SCX5_F25818.raw	https://www.ebi.ac.uk/pride/archive/projects/PXD022549/ErYT180417_3_GRASPA_totaux_serie3_SCX5_F25818	5	AC=PRIDE:0000561; NT=Strong cation-exchange chromatography (SCX)	AC=MS:1002038;NT=label free sample	1	NT=Orbitrap Fusion Lumos;AC=MS:1002732	NT=Trypsin;AC=MS:1001251	AC=MS:1002416; NT=Orbitrap Fusion	AC=PRIDE:0000563;NT=Reversed-phase chromatography	NT=Carbamidomethyl;AC=UNIMOD:4;TA=C;MT=Fixed	NT=Oxidation;AC=UNIMOD:35;MT=Variable;TA=M	NT=Acetyl;AC=UNIMOD:1;PP=Protein N-term;MT=variable	AC=MS:1000422;NT=HCD	25 ppm	0.5 Da	erythrocyte
PXD022549-Sample-76	Homo sapiens	blood	erythrocyte	packed RBC	ghost	2	not applicable	no available	no available	not applicable	normal	no depletion	2	run 76	proteomic profiling by mass spectrometry	ErYT180417_4_pRBC_ghost_serie1bis_SCX1_F26167_180718011051.raw	https://www.ebi.ac.uk/pride/archive/projects/PXD022549/ErYT180417_4_pRBC_ghost_serie1bis_SCX1_F26167_180718011051	1	AC=PRIDE:0000561; NT=Strong cation-exchange chromatography (SCX)	AC=MS:1002038;NT=label free sample	1	NT=Orbitrap Fusion Lumos;AC=MS:1002732	NT=Trypsin;AC=MS:1001251	AC=MS:1002416; NT=Orbitrap Fusion	AC=PRIDE:0000563;NT=Reversed-phase chromatography	NT=Carbamidomethyl;AC=UNIMOD:4;TA=C;MT=Fixed	NT=Oxidation;AC=UNIMOD:35;MT=Variable;TA=M	NT=Acetyl;AC=UNIMOD:1;PP=Protein N-term;MT=variable	AC=MS:1000422;NT=HCD	25 ppm	0.5 Da	erythrocyte
PXD022549-Sample-77	Homo sapiens	blood	erythrocyte	packed RBC	ghost	2	not applicable	no available	no available	not applicable	normal	no depletion	2	run 77	proteomic profiling by mass spectrometry	ErYT180417_4_pRBC_ghost_serie1bis_SCX2_F26168.raw	https://www.ebi.ac.uk/pride/archive/projects/PXD022549/ErYT180417_4_pRBC_ghost_serie1bis_SCX2_F26168	2	AC=PRIDE:0000561; NT=Strong cation-exchange chromatography (SCX)	AC=MS:1002038;NT=label free sample	1	NT=Orbitrap Fusion Lumos;AC=MS:1002732	NT=Trypsin;AC=MS:1001251	AC=MS:1002416; NT=Orbitrap Fusion	AC=PRIDE:0000563;NT=Reversed-phase chromatography	NT=Carbamidomethyl;AC=UNIMOD:4;TA=C;MT=Fixed	NT=Oxidation;AC=UNIMOD:35;MT=Variable;TA=M	NT=Acetyl;AC=UNIMOD:1;PP=Protein N-term;MT=variable	AC=MS:1000422;NT=HCD	25 ppm	0.5 Da	erythrocyte
PXD022549-Sample-78	Homo sapiens	blood	erythrocyte	packed RBC	ghost	2	not applicable	no available	no available	not applicable	normal	no depletion	2	run 78	proteomic profiling by mass spectrometry	ErYT180417_4_pRBC_ghost_serie1bis_SCX3_F26169.raw	https://www.ebi.ac.uk/pride/archive/projects/PXD022549/ErYT180417_4_pRBC_ghost_serie1bis_SCX3_F26169	3	AC=PRIDE:0000561; NT=Strong cation-exchange chromatography (SCX)	AC=MS:1002038;NT=label free sample	1	NT=Orbitrap Fusion Lumos;AC=MS:1002732	NT=Trypsin;AC=MS:1001251	AC=MS:1002416; NT=Orbitrap Fusion	AC=PRIDE:0000563;NT=Reversed-phase chromatography	NT=Carbamidomethyl;AC=UNIMOD:4;TA=C;MT=Fixed	NT=Oxidation;AC=UNIMOD:35;MT=Variable;TA=M	NT=Acetyl;AC=UNIMOD:1;PP=Protein N-term;MT=variable	AC=MS:1000422;NT=HCD	25 ppm	0.5 Da	erythrocyte
PXD022549-Sample-79	Homo sapiens	blood	erythrocyte	packed RBC	ghost	2	not applicable	no available	no available	not applicable	normal	no depletion	2	run 79	proteomic profiling by mass spectrometry	ErYT180417_4_pRBC_ghost_serie1bis_SCX4_F26170.raw	https://www.ebi.ac.uk/pride/archive/projects/PXD022549/ErYT180417_4_pRBC_ghost_serie1bis_SCX4_F26170	4	AC=PRIDE:0000561; NT=Strong cation-exchange chromatography (SCX)	AC=MS:1002038;NT=label free sample	1	NT=Orbitrap Fusion Lumos;AC=MS:1002732	NT=Trypsin;AC=MS:1001251	AC=MS:1002416; NT=Orbitrap Fusion	AC=PRIDE:0000563;NT=Reversed-phase chromatography	NT=Carbamidomethyl;AC=UNIMOD:4;TA=C;MT=Fixed	NT=Oxidation;AC=UNIMOD:35;MT=Variable;TA=M	NT=Acetyl;AC=UNIMOD:1;PP=Protein N-term;MT=variable	AC=MS:1000422;NT=HCD	25 ppm	0.5 Da	erythrocyte
PXD022549-Sample-80	Homo sapiens	blood	erythrocyte	packed RBC	ghost	2	not applicable	no available	no available	not applicable	normal	no depletion	2	run 80	proteomic profiling by mass spectrometry	ErYT180417_4_pRBC_ghost_serie1bis_SCX5_F26171.raw	https://www.ebi.ac.uk/pride/archive/projects/PXD022549/ErYT180417_4_pRBC_ghost_serie1bis_SCX5_F26171	5	AC=PRIDE:0000561; NT=Strong cation-exchange chromatography (SCX)	AC=MS:1002038;NT=label free sample	1	NT=Orbitrap Fusion Lumos;AC=MS:1002732	NT=Trypsin;AC=MS:1001251	AC=MS:1002416; NT=Orbitrap Fusion	AC=PRIDE:0000563;NT=Reversed-phase chromatography	NT=Carbamidomethyl;AC=UNIMOD:4;TA=C;MT=Fixed	NT=Oxidation;AC=UNIMOD:35;MT=Variable;TA=M	NT=Acetyl;AC=UNIMOD:1;PP=Protein N-term;MT=variable	AC=MS:1000422;NT=HCD	25 ppm	0.5 Da	erythrocyte
PXD022549-Sample-81	Homo sapiens	blood	erythrocyte	packed RBC	ghost	3	not applicable	no available	no available	not applicable	normal	no depletion	3	run 81	proteomic profiling by mass spectrometry	ErYT180417_4_pRBC_ghost_serie2_SCX1_F25690.raw	https://www.ebi.ac.uk/pride/archive/projects/PXD022549/ErYT180417_4_pRBC_ghost_serie2_SCX1_F25690	1	AC=PRIDE:0000561; NT=Strong cation-exchange chromatography (SCX)	AC=MS:1002038;NT=label free sample	1	NT=Orbitrap Fusion Lumos;AC=MS:1002732	NT=Trypsin;AC=MS:1001251	AC=MS:1002416; NT=Orbitrap Fusion	AC=PRIDE:0000563;NT=Reversed-phase chromatography	NT=Carbamidomethyl;AC=UNIMOD:4;TA=C;MT=Fixed	NT=Oxidation;AC=UNIMOD:35;MT=Variable;TA=M	NT=Acetyl;AC=UNIMOD:1;PP=Protein N-term;MT=variable	AC=MS:1000422;NT=HCD	25 ppm	0.5 Da	erythrocyte
PXD022549-Sample-82	Homo sapiens	blood	erythrocyte	packed RBC	ghost	3	not applicable	no available	no available	not applicable	normal	no depletion	3	run 82	proteomic profiling by mass spectrometry	ErYT180417_4_pRBC_ghost_serie2_SCX2_F25691.raw	https://www.ebi.ac.uk/pride/archive/projects/PXD022549/ErYT180417_4_pRBC_ghost_serie2_SCX2_F25691	2	AC=PRIDE:0000561; NT=Strong cation-exchange chromatography (SCX)	AC=MS:1002038;NT=label free sample	1	NT=Orbitrap Fusion Lumos;AC=MS:1002732	NT=Trypsin;AC=MS:1001251	AC=MS:1002416; NT=Orbitrap Fusion	AC=PRIDE:0000563;NT=Reversed-phase chromatography	NT=Carbamidomethyl;AC=UNIMOD:4;TA=C;MT=Fixed	NT=Oxidation;AC=UNIMOD:35;MT=Variable;TA=M	NT=Acetyl;AC=UNIMOD:1;PP=Protein N-term;MT=variable	AC=MS:1000422;NT=HCD	25 ppm	0.5 Da	erythrocyte
PXD022549-Sample-83	Homo sapiens	blood	erythrocyte	packed RBC	ghost	3	not applicable	no available	no available	not applicable	normal	no depletion	3	run 83	proteomic profiling by mass spectrometry	ErYT180417_4_pRBC_ghost_serie2_SCX3_F25692.raw	https://www.ebi.ac.uk/pride/archive/projects/PXD022549/ErYT180417_4_pRBC_ghost_serie2_SCX3_F25692	3	AC=PRIDE:0000561; NT=Strong cation-exchange chromatography (SCX)	AC=MS:1002038;NT=label free sample	1	NT=Orbitrap Fusion Lumos;AC=MS:1002732	NT=Trypsin;AC=MS:1001251	AC=MS:1002416; NT=Orbitrap Fusion	AC=PRIDE:0000563;NT=Reversed-phase chromatography	NT=Carbamidomethyl;AC=UNIMOD:4;TA=C;MT=Fixed	NT=Oxidation;AC=UNIMOD:35;MT=Variable;TA=M	NT=Acetyl;AC=UNIMOD:1;PP=Protein N-term;MT=variable	AC=MS:1000422;NT=HCD	25 ppm	0.5 Da	erythrocyte
PXD022549-Sample-84	Homo sapiens	blood	erythrocyte	packed RBC	ghost	3	not applicable	no available	no available	not applicable	normal	no depletion	3	run 84	proteomic profiling by mass spectrometry	ErYT180417_4_pRBC_ghost_serie2_SCX4_F25693.raw	https://www.ebi.ac.uk/pride/archive/projects/PXD022549/ErYT180417_4_pRBC_ghost_serie2_SCX4_F25693	4	AC=PRIDE:0000561; NT=Strong cation-exchange chromatography (SCX)	AC=MS:1002038;NT=label free sample	1	NT=Orbitrap Fusion Lumos;AC=MS:1002732	NT=Trypsin;AC=MS:1001251	AC=MS:1002416; NT=Orbitrap Fusion	AC=PRIDE:0000563;NT=Reversed-phase chromatography	NT=Carbamidomethyl;AC=UNIMOD:4;TA=C;MT=Fixed	NT=Oxidation;AC=UNIMOD:35;MT=Variable;TA=M	NT=Acetyl;AC=UNIMOD:1;PP=Protein N-term;MT=variable	AC=MS:1000422;NT=HCD	25 ppm	0.5 Da	erythrocyte
PXD022549-Sample-85	Homo sapiens	blood	erythrocyte	packed RBC	ghost	3	not applicable	no available	no available	not applicable	normal	no depletion	3	run 85	proteomic profiling by mass spectrometry	ErYT180417_4_pRBC_ghost_serie2_SCX5_F25694.raw	https://www.ebi.ac.uk/pride/archive/projects/PXD022549/ErYT180417_4_pRBC_ghost_serie2_SCX5_F25694	5	AC=PRIDE:0000561; NT=Strong cation-exchange chromatography (SCX)	AC=MS:1002038;NT=label free sample	1	NT=Orbitrap Fusion Lumos;AC=MS:1002732	NT=Trypsin;AC=MS:1001251	AC=MS:1002416; NT=Orbitrap Fusion	AC=PRIDE:0000563;NT=Reversed-phase chromatography	NT=Carbamidomethyl;AC=UNIMOD:4;TA=C;MT=Fixed	NT=Oxidation;AC=UNIMOD:35;MT=Variable;TA=M	NT=Acetyl;AC=UNIMOD:1;PP=Protein N-term;MT=variable	AC=MS:1000422;NT=HCD	25 ppm	0.5 Da	erythrocyte
PXD022549-Sample-86	Homo sapiens	blood	erythrocyte	packed RBC	ghost	4	not applicable	no available	no available	not applicable	normal	no depletion	4	run 86	proteomic profiling by mass spectrometry	ErYT180417_4_pRBC_ghost_serie3_SCX1_F26199.raw	https://www.ebi.ac.uk/pride/archive/projects/PXD022549/ErYT180417_4_pRBC_ghost_serie3_SCX1_F26199	1	AC=PRIDE:0000561; NT=Strong cation-exchange chromatography (SCX)	AC=MS:1002038;NT=label free sample	1	NT=Orbitrap Fusion Lumos;AC=MS:1002732	NT=Trypsin;AC=MS:1001251	AC=MS:1002416; NT=Orbitrap Fusion	AC=PRIDE:0000563;NT=Reversed-phase chromatography	NT=Carbamidomethyl;AC=UNIMOD:4;TA=C;MT=Fixed	NT=Oxidation;AC=UNIMOD:35;MT=Variable;TA=M	NT=Acetyl;AC=UNIMOD:1;PP=Protein N-term;MT=variable	AC=MS:1000422;NT=HCD	25 ppm	0.5 Da	erythrocyte
PXD022549-Sample-87	Homo sapiens	blood	erythrocyte	packed RBC	ghost	4	not applicable	no available	no available	not applicable	normal	no depletion	4	run 87	proteomic profiling by mass spectrometry	ErYT180417_4_pRBC_ghost_serie3_SCX2_F26200.raw	https://www.ebi.ac.uk/pride/archive/projects/PXD022549/ErYT180417_4_pRBC_ghost_serie3_SCX2_F26200	2	AC=PRIDE:0000561; NT=Strong cation-exchange chromatography (SCX)	AC=MS:1002038;NT=label free sample	1	NT=Orbitrap Fusion Lumos;AC=MS:1002732	NT=Trypsin;AC=MS:1001251	AC=MS:1002416; NT=Orbitrap Fusion	AC=PRIDE:0000563;NT=Reversed-phase chromatography	NT=Carbamidomethyl;AC=UNIMOD:4;TA=C;MT=Fixed	NT=Oxidation;AC=UNIMOD:35;MT=Variable;TA=M	NT=Acetyl;AC=UNIMOD:1;PP=Protein N-term;MT=variable	AC=MS:1000422;NT=HCD	25 ppm	0.5 Da	erythrocyte
PXD022549-Sample-88	Homo sapiens	blood	erythrocyte	packed RBC	ghost	4	not applicable	no available	no available	not applicable	normal	no depletion	4	run 88	proteomic profiling by mass spectrometry	ErYT180417_4_pRBC_ghost_serie3_SCX3_F26201_180702095405.raw	https://www.ebi.ac.uk/pride/archive/projects/PXD022549/ErYT180417_4_pRBC_ghost_serie3_SCX3_F26201_180702095405	3	AC=PRIDE:0000561; NT=Strong cation-exchange chromatography (SCX)	AC=MS:1002038;NT=label free sample	1	NT=Orbitrap Fusion Lumos;AC=MS:1002732	NT=Trypsin;AC=MS:1001251	AC=MS:1002416; NT=Orbitrap Fusion	AC=PRIDE:0000563;NT=Reversed-phase chromatography	NT=Carbamidomethyl;AC=UNIMOD:4;TA=C;MT=Fixed	NT=Oxidation;AC=UNIMOD:35;MT=Variable;TA=M	NT=Acetyl;AC=UNIMOD:1;PP=Protein N-term;MT=variable	AC=MS:1000422;NT=HCD	25 ppm	0.5 Da	erythrocyte
PXD022549-Sample-89	Homo sapiens	blood	erythrocyte	packed RBC	ghost	4	not applicable	no available	no available	not applicable	normal	no depletion	4	run 89	proteomic profiling by mass spectrometry	ErYT180417_4_pRBC_ghost_serie3_SCX4_F26202.raw	https://www.ebi.ac.uk/pride/archive/projects/PXD022549/ErYT180417_4_pRBC_ghost_serie3_SCX4_F26202	4	AC=PRIDE:0000561; NT=Strong cation-exchange chromatography (SCX)	AC=MS:1002038;NT=label free sample	1	NT=Orbitrap Fusion Lumos;AC=MS:1002732	NT=Trypsin;AC=MS:1001251	AC=MS:1002416; NT=Orbitrap Fusion	AC=PRIDE:0000563;NT=Reversed-phase chromatography	NT=Carbamidomethyl;AC=UNIMOD:4;TA=C;MT=Fixed	NT=Oxidation;AC=UNIMOD:35;MT=Variable;TA=M	NT=Acetyl;AC=UNIMOD:1;PP=Protein N-term;MT=variable	AC=MS:1000422;NT=HCD	25 ppm	0.5 Da	erythrocyte
PXD022549-Sample-90	Homo sapiens	blood	erythrocyte	packed RBC	ghost	4	not applicable	no available	no available	not applicable	normal	no depletion	4	run 90	proteomic profiling by mass spectrometry	ErYT180417_4_pRBC_ghost_serie3_SCX5_F26203_180702124858.raw	https://www.ebi.ac.uk/pride/archive/projects/PXD022549/ErYT180417_4_pRBC_ghost_serie3_SCX5_F26203_180702124858	5	AC=PRIDE:0000561; NT=Strong cation-exchange chromatography (SCX)	AC=MS:1002038;NT=label free sample	1	NT=Orbitrap Fusion Lumos;AC=MS:1002732	NT=Trypsin;AC=MS:1001251	AC=MS:1002416; NT=Orbitrap Fusion	AC=PRIDE:0000563;NT=Reversed-phase chromatography	NT=Carbamidomethyl;AC=UNIMOD:4;TA=C;MT=Fixed	NT=Oxidation;AC=UNIMOD:35;MT=Variable;TA=M	NT=Acetyl;AC=UNIMOD:1;PP=Protein N-term;MT=variable	AC=MS:1000422;NT=HCD	25 ppm	0.5 Da	erythrocyte
PXD022549-Sample-91	Homo sapiens	blood	erythrocyte	proceded RBC	ghost	2	not applicable	no available	no available	not applicable	normal	no depletion	2	run 91	proteomic profiling by mass spectrometry	ErYT180417_5_proRBC_ghost_serie1bis_SCX1_F26173.raw	https://www.ebi.ac.uk/pride/archive/projects/PXD022549/ErYT180417_5_proRBC_ghost_serie1bis_SCX1_F26173	1	AC=PRIDE:0000561; NT=Strong cation-exchange chromatography (SCX)	AC=MS:1002038;NT=label free sample	1	NT=Orbitrap Fusion Lumos;AC=MS:1002732	NT=Trypsin;AC=MS:1001251	AC=MS:1002416; NT=Orbitrap Fusion	AC=PRIDE:0000563;NT=Reversed-phase chromatography	NT=Carbamidomethyl;AC=UNIMOD:4;TA=C;MT=Fixed	NT=Oxidation;AC=UNIMOD:35;MT=Variable;TA=M	NT=Acetyl;AC=UNIMOD:1;PP=Protein N-term;MT=variable	AC=MS:1000422;NT=HCD	25 ppm	0.5 Da	erythrocyte
PXD022549-Sample-92	Homo sapiens	blood	erythrocyte	proceded RBC	ghost	2	not applicable	no available	no available	not applicable	normal	no depletion	2	run 92	proteomic profiling by mass spectrometry	ErYT180417_5_proRBC_ghost_serie1bis_SCX2_F26174.raw	https://www.ebi.ac.uk/pride/archive/projects/PXD022549/ErYT180417_5_proRBC_ghost_serie1bis_SCX2_F26174	2	AC=PRIDE:0000561; NT=Strong cation-exchange chromatography (SCX)	AC=MS:1002038;NT=label free sample	1	NT=Orbitrap Fusion Lumos;AC=MS:1002732	NT=Trypsin;AC=MS:1001251	AC=MS:1002416; NT=Orbitrap Fusion	AC=PRIDE:0000563;NT=Reversed-phase chromatography	NT=Carbamidomethyl;AC=UNIMOD:4;TA=C;MT=Fixed	NT=Oxidation;AC=UNIMOD:35;MT=Variable;TA=M	NT=Acetyl;AC=UNIMOD:1;PP=Protein N-term;MT=variable	AC=MS:1000422;NT=HCD	25 ppm	0.5 Da	erythrocyte
PXD022549-Sample-93	Homo sapiens	blood	erythrocyte	proceded RBC	ghost	2	not applicable	no available	no available	not applicable	normal	no depletion	2	run 93	proteomic profiling by mass spectrometry	ErYT180417_5_proRBC_ghost_serie1bis_SCX3_F26175.raw	https://www.ebi.ac.uk/pride/archive/projects/PXD022549/ErYT180417_5_proRBC_ghost_serie1bis_SCX3_F26175	3	AC=PRIDE:0000561; NT=Strong cation-exchange chromatography (SCX)	AC=MS:1002038;NT=label free sample	1	NT=Orbitrap Fusion Lumos;AC=MS:1002732	NT=Trypsin;AC=MS:1001251	AC=MS:1002416; NT=Orbitrap Fusion	AC=PRIDE:0000563;NT=Reversed-phase chromatography	NT=Carbamidomethyl;AC=UNIMOD:4;TA=C;MT=Fixed	NT=Oxidation;AC=UNIMOD:35;MT=Variable;TA=M	NT=Acetyl;AC=UNIMOD:1;PP=Protein N-term;MT=variable	AC=MS:1000422;NT=HCD	25 ppm	0.5 Da	erythrocyte
PXD022549-Sample-94	Homo sapiens	blood	erythrocyte	proceded RBC	ghost	2	not applicable	no available	no available	not applicable	normal	no depletion	2	run 94	proteomic profiling by mass spectrometry	ErYT180417_5_proRBC_ghost_serie1bis_SCX4_F26176_180718042726.raw	https://www.ebi.ac.uk/pride/archive/projects/PXD022549/ErYT180417_5_proRBC_ghost_serie1bis_SCX4_F26176_180718042726	4	AC=PRIDE:0000561; NT=Strong cation-exchange chromatography (SCX)	AC=MS:1002038;NT=label free sample	1	NT=Orbitrap Fusion Lumos;AC=MS:1002732	NT=Trypsin;AC=MS:1001251	AC=MS:1002416; NT=Orbitrap Fusion	AC=PRIDE:0000563;NT=Reversed-phase chromatography	NT=Carbamidomethyl;AC=UNIMOD:4;TA=C;MT=Fixed	NT=Oxidation;AC=UNIMOD:35;MT=Variable;TA=M	NT=Acetyl;AC=UNIMOD:1;PP=Protein N-term;MT=variable	AC=MS:1000422;NT=HCD	25 ppm	0.5 Da	erythrocyte
PXD022549-Sample-95	Homo sapiens	blood	erythrocyte	proceded RBC	ghost	2	not applicable	no available	no available	not applicable	normal	no depletion	2	run 95	proteomic profiling by mass spectrometry	ErYT180417_5_proRBC_ghost_serie1bis_SCX5_F26177.raw	https://www.ebi.ac.uk/pride/archive/projects/PXD022549/ErYT180417_5_proRBC_ghost_serie1bis_SCX5_F26177	5	AC=PRIDE:0000561; NT=Strong cation-exchange chromatography (SCX)	AC=MS:1002038;NT=label free sample	1	NT=Orbitrap Fusion Lumos;AC=MS:1002732	NT=Trypsin;AC=MS:1001251	AC=MS:1002416; NT=Orbitrap Fusion	AC=PRIDE:0000563;NT=Reversed-phase chromatography	NT=Carbamidomethyl;AC=UNIMOD:4;TA=C;MT=Fixed	NT=Oxidation;AC=UNIMOD:35;MT=Variable;TA=M	NT=Acetyl;AC=UNIMOD:1;PP=Protein N-term;MT=variable	AC=MS:1000422;NT=HCD	25 ppm	0.5 Da	erythrocyte
PXD022549-Sample-96	Homo sapiens	blood	erythrocyte	proceded RBC	ghost	3	not applicable	no available	no available	not applicable	normal	no depletion	3	run 96	proteomic profiling by mass spectrometry	ErYT180417_5_proRBC_ghost_serie2_SCX1_F25695.raw	https://www.ebi.ac.uk/pride/archive/projects/PXD022549/ErYT180417_5_proRBC_ghost_serie2_SCX1_F25695	1	AC=PRIDE:0000561; NT=Strong cation-exchange chromatography (SCX)	AC=MS:1002038;NT=label free sample	1	NT=Orbitrap Fusion Lumos;AC=MS:1002732	NT=Trypsin;AC=MS:1001251	AC=MS:1002416; NT=Orbitrap Fusion	AC=PRIDE:0000563;NT=Reversed-phase chromatography	NT=Carbamidomethyl;AC=UNIMOD:4;TA=C;MT=Fixed	NT=Oxidation;AC=UNIMOD:35;MT=Variable;TA=M	NT=Acetyl;AC=UNIMOD:1;PP=Protein N-term;MT=variable	AC=MS:1000422;NT=HCD	25 ppm	0.5 Da	erythrocyte
PXD022549-Sample-97	Homo sapiens	blood	erythrocyte	proceded RBC	ghost	3	not applicable	no available	no available	not applicable	normal	no depletion	3	run 97	proteomic profiling by mass spectrometry	ErYT180417_5_proRBC_ghost_serie2_SCX2_F25696.raw	https://www.ebi.ac.uk/pride/archive/projects/PXD022549/ErYT180417_5_proRBC_ghost_serie2_SCX2_F25696	2	AC=PRIDE:0000561; NT=Strong cation-exchange chromatography (SCX)	AC=MS:1002038;NT=label free sample	1	NT=Orbitrap Fusion Lumos;AC=MS:1002732	NT=Trypsin;AC=MS:1001251	AC=MS:1002416; NT=Orbitrap Fusion	AC=PRIDE:0000563;NT=Reversed-phase chromatography	NT=Carbamidomethyl;AC=UNIMOD:4;TA=C;MT=Fixed	NT=Oxidation;AC=UNIMOD:35;MT=Variable;TA=M	NT=Acetyl;AC=UNIMOD:1;PP=Protein N-term;MT=variable	AC=MS:1000422;NT=HCD	25 ppm	0.5 Da	erythrocyte
PXD022549-Sample-98	Homo sapiens	blood	erythrocyte	proceded RBC	ghost	3	not applicable	no available	no available	not applicable	normal	no depletion	3	run 98	proteomic profiling by mass spectrometry	ErYT180417_5_proRBC_ghost_serie2_SCX3_F25697_180524162522.raw	https://www.ebi.ac.uk/pride/archive/projects/PXD022549/ErYT180417_5_proRBC_ghost_serie2_SCX3_F25697_180524162522	3	AC=PRIDE:0000561; NT=Strong cation-exchange chromatography (SCX)	AC=MS:1002038;NT=label free sample	1	NT=Orbitrap Fusion Lumos;AC=MS:1002732	NT=Trypsin;AC=MS:1001251	AC=MS:1002416; NT=Orbitrap Fusion	AC=PRIDE:0000563;NT=Reversed-phase chromatography	NT=Carbamidomethyl;AC=UNIMOD:4;TA=C;MT=Fixed	NT=Oxidation;AC=UNIMOD:35;MT=Variable;TA=M	NT=Acetyl;AC=UNIMOD:1;PP=Protein N-term;MT=variable	AC=MS:1000422;NT=HCD	25 ppm	0.5 Da	erythrocyte
PXD022549-Sample-99	Homo sapiens	blood	erythrocyte	proceded RBC	ghost	3	not applicable	no available	no available	not applicable	normal	no depletion	3	run 99	proteomic profiling by mass spectrometry	ErYT180417_5_proRBC_ghost_serie2_SCX4_F25698.raw	https://www.ebi.ac.uk/pride/archive/projects/PXD022549/ErYT180417_5_proRBC_ghost_serie2_SCX4_F25698	4	AC=PRIDE:0000561; NT=Strong cation-exchange chromatography (SCX)	AC=MS:1002038;NT=label free sample	1	NT=Orbitrap Fusion Lumos;AC=MS:1002732	NT=Trypsin;AC=MS:1001251	AC=MS:1002416; NT=Orbitrap Fusion	AC=PRIDE:0000563;NT=Reversed-phase chromatography	NT=Carbamidomethyl;AC=UNIMOD:4;TA=C;MT=Fixed	NT=Oxidation;AC=UNIMOD:35;MT=Variable;TA=M	NT=Acetyl;AC=UNIMOD:1;PP=Protein N-term;MT=variable	AC=MS:1000422;NT=HCD	25 ppm	0.5 Da	erythrocyte
PXD022549-Sample-100	Homo sapiens	blood	erythrocyte	proceded RBC	ghost	3	not applicable	no available	no available	not applicable	normal	no depletion	3	run 100	proteomic profiling by mass spectrometry	ErYT180417_5_proRBC_ghost_serie2_SCX5_F25699.raw	https://www.ebi.ac.uk/pride/archive/projects/PXD022549/ErYT180417_5_proRBC_ghost_serie2_SCX5_F25699	5	AC=PRIDE:0000561; NT=Strong cation-exchange chromatography (SCX)	AC=MS:1002038;NT=label free sample	1	NT=Orbitrap Fusion Lumos;AC=MS:1002732	NT=Trypsin;AC=MS:1001251	AC=MS:1002416; NT=Orbitrap Fusion	AC=PRIDE:0000563;NT=Reversed-phase chromatography	NT=Carbamidomethyl;AC=UNIMOD:4;TA=C;MT=Fixed	NT=Oxidation;AC=UNIMOD:35;MT=Variable;TA=M	NT=Acetyl;AC=UNIMOD:1;PP=Protein N-term;MT=variable	AC=MS:1000422;NT=HCD	25 ppm	0.5 Da	erythrocyte
PXD022549-Sample-101	Homo sapiens	blood	erythrocyte	proceded RBC	ghost	4	not applicable	no available	no available	not applicable	normal	no depletion	4	run 101	proteomic profiling by mass spectrometry	ErYT180417_5_proRBC_ghost_serie3_SCX1_F26204.raw	https://www.ebi.ac.uk/pride/archive/projects/PXD022549/ErYT180417_5_proRBC_ghost_serie3_SCX1_F26204	1	AC=PRIDE:0000561; NT=Strong cation-exchange chromatography (SCX)	AC=MS:1002038;NT=label free sample	1	NT=Orbitrap Fusion Lumos;AC=MS:1002732	NT=Trypsin;AC=MS:1001251	AC=MS:1002416; NT=Orbitrap Fusion	AC=PRIDE:0000563;NT=Reversed-phase chromatography	NT=Carbamidomethyl;AC=UNIMOD:4;TA=C;MT=Fixed	NT=Oxidation;AC=UNIMOD:35;MT=Variable;TA=M	NT=Acetyl;AC=UNIMOD:1;PP=Protein N-term;MT=variable	AC=MS:1000422;NT=HCD	25 ppm	0.5 Da	erythrocyte
PXD022549-Sample-102	Homo sapiens	blood	erythrocyte	proceded RBC	ghost	4	not applicable	no available	no available	not applicable	normal	no depletion	4	run 102	proteomic profiling by mass spectrometry	ErYT180417_5_proRBC_ghost_serie3_SCX2_F26205.raw	https://www.ebi.ac.uk/pride/archive/projects/PXD022549/ErYT180417_5_proRBC_ghost_serie3_SCX2_F26205	2	AC=PRIDE:0000561; NT=Strong cation-exchange chromatography (SCX)	AC=MS:1002038;NT=label free sample	1	NT=Orbitrap Fusion Lumos;AC=MS:1002732	NT=Trypsin;AC=MS:1001251	AC=MS:1002416; NT=Orbitrap Fusion	AC=PRIDE:0000563;NT=Reversed-phase chromatography	NT=Carbamidomethyl;AC=UNIMOD:4;TA=C;MT=Fixed	NT=Oxidation;AC=UNIMOD:35;MT=Variable;TA=M	NT=Acetyl;AC=UNIMOD:1;PP=Protein N-term;MT=variable	AC=MS:1000422;NT=HCD	25 ppm	0.5 Da	erythrocyte
PXD022549-Sample-103	Homo sapiens	blood	erythrocyte	proceded RBC	ghost	4	not applicable	no available	no available	not applicable	normal	no depletion	4	run 103	proteomic profiling by mass spectrometry	ErYT180417_5_proRBC_ghost_serie3_SCX3_F26206_180703102820.raw	https://www.ebi.ac.uk/pride/archive/projects/PXD022549/ErYT180417_5_proRBC_ghost_serie3_SCX3_F26206_180703102820	3	AC=PRIDE:0000561; NT=Strong cation-exchange chromatography (SCX)	AC=MS:1002038;NT=label free sample	1	NT=Orbitrap Fusion Lumos;AC=MS:1002732	NT=Trypsin;AC=MS:1001251	AC=MS:1002416; NT=Orbitrap Fusion	AC=PRIDE:0000563;NT=Reversed-phase chromatography	NT=Carbamidomethyl;AC=UNIMOD:4;TA=C;MT=Fixed	NT=Oxidation;AC=UNIMOD:35;MT=Variable;TA=M	NT=Acetyl;AC=UNIMOD:1;PP=Protein N-term;MT=variable	AC=MS:1000422;NT=HCD	25 ppm	0.5 Da	erythrocyte
PXD022549-Sample-104	Homo sapiens	blood	erythrocyte	proceded RBC	ghost	4	not applicable	no available	no available	not applicable	normal	no depletion	4	run 104	proteomic profiling by mass spectrometry	ErYT180417_5_proRBC_ghost_serie3_SCX4_F26207.raw	https://www.ebi.ac.uk/pride/archive/projects/PXD022549/ErYT180417_5_proRBC_ghost_serie3_SCX4_F26207	4	AC=PRIDE:0000561; NT=Strong cation-exchange chromatography (SCX)	AC=MS:1002038;NT=label free sample	1	NT=Orbitrap Fusion Lumos;AC=MS:1002732	NT=Trypsin;AC=MS:1001251	AC=MS:1002416; NT=Orbitrap Fusion	AC=PRIDE:0000563;NT=Reversed-phase chromatography	NT=Carbamidomethyl;AC=UNIMOD:4;TA=C;MT=Fixed	NT=Oxidation;AC=UNIMOD:35;MT=Variable;TA=M	NT=Acetyl;AC=UNIMOD:1;PP=Protein N-term;MT=variable	AC=MS:1000422;NT=HCD	25 ppm	0.5 Da	erythrocyte
PXD022549-Sample-105	Homo sapiens	blood	erythrocyte	proceded RBC	ghost	4	not applicable	no available	no available	not applicable	normal	no depletion	4	run 105	proteomic profiling by mass spectrometry	ErYT180417_5_proRBC_ghost_serie3_SCX5_F26208_180702190026.raw	https://www.ebi.ac.uk/pride/archive/projects/PXD022549/ErYT180417_5_proRBC_ghost_serie3_SCX5_F26208_180702190026	5	AC=PRIDE:0000561; NT=Strong cation-exchange chromatography (SCX)	AC=MS:1002038;NT=label free sample	1	NT=Orbitrap Fusion Lumos;AC=MS:1002732	NT=Trypsin;AC=MS:1001251	AC=MS:1002416; NT=Orbitrap Fusion	AC=PRIDE:0000563;NT=Reversed-phase chromatography	NT=Carbamidomethyl;AC=UNIMOD:4;TA=C;MT=Fixed	NT=Oxidation;AC=UNIMOD:35;MT=Variable;TA=M	NT=Acetyl;AC=UNIMOD:1;PP=Protein N-term;MT=variable	AC=MS:1000422;NT=HCD	25 ppm	0.5 Da	erythrocyte
PXD022549-Sample-106	Homo sapiens	blood	erythrocyte	eryaspase	ghost	2	not applicable	no available	no available	not applicable	normal	no depletion	2	run 106	proteomic profiling by mass spectrometry	ErYT180417_6_GRASPA_ghost_serie1bis_SCX1_F26179_180718074405.raw	https://www.ebi.ac.uk/pride/archive/projects/PXD022549/ErYT180417_6_GRASPA_ghost_serie1bis_SCX1_F26179_180718074405	1	AC=PRIDE:0000561; NT=Strong cation-exchange chromatography (SCX)	AC=MS:1002038;NT=label free sample	1	NT=Orbitrap Fusion Lumos;AC=MS:1002732	NT=Trypsin;AC=MS:1001251	AC=MS:1002416; NT=Orbitrap Fusion	AC=PRIDE:0000563;NT=Reversed-phase chromatography	NT=Carbamidomethyl;AC=UNIMOD:4;TA=C;MT=Fixed	NT=Oxidation;AC=UNIMOD:35;MT=Variable;TA=M	NT=Acetyl;AC=UNIMOD:1;PP=Protein N-term;MT=variable	AC=MS:1000422;NT=HCD	25 ppm	0.5 Da	erythrocyte
PXD022549-Sample-107	Homo sapiens	blood	erythrocyte	eryaspase	ghost	2	not applicable	no available	no available	not applicable	normal	no depletion	2	run 107	proteomic profiling by mass spectrometry	ErYT180417_6_GRASPA_ghost_serie1bis_SCX2_F26180_180718143959.raw	https://www.ebi.ac.uk/pride/archive/projects/PXD022549/ErYT180417_6_GRASPA_ghost_serie1bis_SCX2_F26180_180718143959	2	AC=PRIDE:0000561; NT=Strong cation-exchange chromatography (SCX)	AC=MS:1002038;NT=label free sample	1	NT=Orbitrap Fusion Lumos;AC=MS:1002732	NT=Trypsin;AC=MS:1001251	AC=MS:1002416; NT=Orbitrap Fusion	AC=PRIDE:0000563;NT=Reversed-phase chromatography	NT=Carbamidomethyl;AC=UNIMOD:4;TA=C;MT=Fixed	NT=Oxidation;AC=UNIMOD:35;MT=Variable;TA=M	NT=Acetyl;AC=UNIMOD:1;PP=Protein N-term;MT=variable	AC=MS:1000422;NT=HCD	25 ppm	0.5 Da	erythrocyte
PXD022549-Sample-108	Homo sapiens	blood	erythrocyte	eryaspase	ghost	2	not applicable	no available	no available	not applicable	normal	no depletion	2	run 108	proteomic profiling by mass spectrometry	ErYT180417_6_GRASPA_ghost_serie1bis_SCX3_F26181.raw	https://www.ebi.ac.uk/pride/archive/projects/PXD022549/ErYT180417_6_GRASPA_ghost_serie1bis_SCX3_F26181	3	AC=PRIDE:0000561; NT=Strong cation-exchange chromatography (SCX)	AC=MS:1002038;NT=label free sample	1	NT=Orbitrap Fusion Lumos;AC=MS:1002732	NT=Trypsin;AC=MS:1001251	AC=MS:1002416; NT=Orbitrap Fusion	AC=PRIDE:0000563;NT=Reversed-phase chromatography	NT=Carbamidomethyl;AC=UNIMOD:4;TA=C;MT=Fixed	NT=Oxidation;AC=UNIMOD:35;MT=Variable;TA=M	NT=Acetyl;AC=UNIMOD:1;PP=Protein N-term;MT=variable	AC=MS:1000422;NT=HCD	25 ppm	0.5 Da	erythrocyte
PXD022549-Sample-109	Homo sapiens	blood	erythrocyte	eryaspase	ghost	2	not applicable	no available	no available	not applicable	normal	no depletion	2	run 109	proteomic profiling by mass spectrometry	ErYT180417_6_GRASPA_ghost_serie1bis_SCX4_F26182.raw	https://www.ebi.ac.uk/pride/archive/projects/PXD022549/ErYT180417_6_GRASPA_ghost_serie1bis_SCX4_F26182	4	AC=PRIDE:0000561; NT=Strong cation-exchange chromatography (SCX)	AC=MS:1002038;NT=label free sample	1	NT=Orbitrap Fusion Lumos;AC=MS:1002732	NT=Trypsin;AC=MS:1001251	AC=MS:1002416; NT=Orbitrap Fusion	AC=PRIDE:0000563;NT=Reversed-phase chromatography	NT=Carbamidomethyl;AC=UNIMOD:4;TA=C;MT=Fixed	NT=Oxidation;AC=UNIMOD:35;MT=Variable;TA=M	NT=Acetyl;AC=UNIMOD:1;PP=Protein N-term;MT=variable	AC=MS:1000422;NT=HCD	25 ppm	0.5 Da	erythrocyte
PXD022549-Sample-110	Homo sapiens	blood	erythrocyte	eryaspase	ghost	2	not applicable	no available	no available	not applicable	normal	no depletion	2	run 110	proteomic profiling by mass spectrometry	ErYT180417_6_GRASPA_ghost_serie1bis_SCX5_F26183.raw	https://www.ebi.ac.uk/pride/archive/projects/PXD022549/ErYT180417_6_GRASPA_ghost_serie1bis_SCX5_F26183	5	AC=PRIDE:0000561; NT=Strong cation-exchange chromatography (SCX)	AC=MS:1002038;NT=label free sample	1	NT=Orbitrap Fusion Lumos;AC=MS:1002732	NT=Trypsin;AC=MS:1001251	AC=MS:1002416; NT=Orbitrap Fusion	AC=PRIDE:0000563;NT=Reversed-phase chromatography	NT=Carbamidomethyl;AC=UNIMOD:4;TA=C;MT=Fixed	NT=Oxidation;AC=UNIMOD:35;MT=Variable;TA=M	NT=Acetyl;AC=UNIMOD:1;PP=Protein N-term;MT=variable	AC=MS:1000422;NT=HCD	25 ppm	0.5 Da	erythrocyte
PXD022549-Sample-111	Homo sapiens	blood	erythrocyte	eryaspase	ghost	3	not applicable	no available	no available	not applicable	normal	no depletion	3	run 111	proteomic profiling by mass spectrometry	ErYT180417_6_GRASPA_ghost_serie2_SCX1_F25700.raw	https://www.ebi.ac.uk/pride/archive/projects/PXD022549/ErYT180417_6_GRASPA_ghost_serie2_SCX1_F25700	1	AC=PRIDE:0000561; NT=Strong cation-exchange chromatography (SCX)	AC=MS:1002038;NT=label free sample	1	NT=Orbitrap Fusion Lumos;AC=MS:1002732	NT=Trypsin;AC=MS:1001251	AC=MS:1002416; NT=Orbitrap Fusion	AC=PRIDE:0000563;NT=Reversed-phase chromatography	NT=Carbamidomethyl;AC=UNIMOD:4;TA=C;MT=Fixed	NT=Oxidation;AC=UNIMOD:35;MT=Variable;TA=M	NT=Acetyl;AC=UNIMOD:1;PP=Protein N-term;MT=variable	AC=MS:1000422;NT=HCD	25 ppm	0.5 Da	erythrocyte
PXD022549-Sample-112	Homo sapiens	blood	erythrocyte	eryaspase	ghost	3	not applicable	no available	no available	not applicable	normal	no depletion	3	run 112	proteomic profiling by mass spectrometry	ErYT180417_6_GRASPA_ghost_serie2_SCX2_F25701.raw	https://www.ebi.ac.uk/pride/archive/projects/PXD022549/ErYT180417_6_GRASPA_ghost_serie2_SCX2_F25701	2	AC=PRIDE:0000561; NT=Strong cation-exchange chromatography (SCX)	AC=MS:1002038;NT=label free sample	1	NT=Orbitrap Fusion Lumos;AC=MS:1002732	NT=Trypsin;AC=MS:1001251	AC=MS:1002416; NT=Orbitrap Fusion	AC=PRIDE:0000563;NT=Reversed-phase chromatography	NT=Carbamidomethyl;AC=UNIMOD:4;TA=C;MT=Fixed	NT=Oxidation;AC=UNIMOD:35;MT=Variable;TA=M	NT=Acetyl;AC=UNIMOD:1;PP=Protein N-term;MT=variable	AC=MS:1000422;NT=HCD	25 ppm	0.5 Da	erythrocyte
PXD022549-Sample-113	Homo sapiens	blood	erythrocyte	eryaspase	ghost	3	not applicable	no available	no available	not applicable	normal	no depletion	3	run 113	proteomic profiling by mass spectrometry	ErYT180417_6_GRASPA_ghost_serie2_SCX3_F25702.raw	https://www.ebi.ac.uk/pride/archive/projects/PXD022549/ErYT180417_6_GRASPA_ghost_serie2_SCX3_F25702	3	AC=PRIDE:0000561; NT=Strong cation-exchange chromatography (SCX)	AC=MS:1002038;NT=label free sample	1	NT=Orbitrap Fusion Lumos;AC=MS:1002732	NT=Trypsin;AC=MS:1001251	AC=MS:1002416; NT=Orbitrap Fusion	AC=PRIDE:0000563;NT=Reversed-phase chromatography	NT=Carbamidomethyl;AC=UNIMOD:4;TA=C;MT=Fixed	NT=Oxidation;AC=UNIMOD:35;MT=Variable;TA=M	NT=Acetyl;AC=UNIMOD:1;PP=Protein N-term;MT=variable	AC=MS:1000422;NT=HCD	25 ppm	0.5 Da	erythrocyte
PXD022549-Sample-114	Homo sapiens	blood	erythrocyte	eryaspase	ghost	3	not applicable	no available	no available	not applicable	normal	no depletion	3	run 114	proteomic profiling by mass spectrometry	ErYT180417_6_GRASPA_ghost_serie2_SCX4_F25703.raw	https://www.ebi.ac.uk/pride/archive/projects/PXD022549/ErYT180417_6_GRASPA_ghost_serie2_SCX4_F25703	4	AC=PRIDE:0000561; NT=Strong cation-exchange chromatography (SCX)	AC=MS:1002038;NT=label free sample	1	NT=Orbitrap Fusion Lumos;AC=MS:1002732	NT=Trypsin;AC=MS:1001251	AC=MS:1002416; NT=Orbitrap Fusion	AC=PRIDE:0000563;NT=Reversed-phase chromatography	NT=Carbamidomethyl;AC=UNIMOD:4;TA=C;MT=Fixed	NT=Oxidation;AC=UNIMOD:35;MT=Variable;TA=M	NT=Acetyl;AC=UNIMOD:1;PP=Protein N-term;MT=variable	AC=MS:1000422;NT=HCD	25 ppm	0.5 Da	erythrocyte
PXD022549-Sample-115	Homo sapiens	blood	erythrocyte	eryaspase	ghost	3	not applicable	no available	no available	not applicable	normal	no depletion	3	run 115	proteomic profiling by mass spectrometry	ErYT180417_6_GRASPA_ghost_serie2_SCX5_F25704.raw	https://www.ebi.ac.uk/pride/archive/projects/PXD022549/ErYT180417_6_GRASPA_ghost_serie2_SCX5_F25704	5	AC=PRIDE:0000561; NT=Strong cation-exchange chromatography (SCX)	AC=MS:1002038;NT=label free sample	1	NT=Orbitrap Fusion Lumos;AC=MS:1002732	NT=Trypsin;AC=MS:1001251	AC=MS:1002416; NT=Orbitrap Fusion	AC=PRIDE:0000563;NT=Reversed-phase chromatography	NT=Carbamidomethyl;AC=UNIMOD:4;TA=C;MT=Fixed	NT=Oxidation;AC=UNIMOD:35;MT=Variable;TA=M	NT=Acetyl;AC=UNIMOD:1;PP=Protein N-term;MT=variable	AC=MS:1000422;NT=HCD	25 ppm	0.5 Da	erythrocyte
PXD022549-Sample-116	Homo sapiens	blood	erythrocyte	eryaspase	ghost	4	not applicable	no available	no available	not applicable	normal	no depletion	4	run 116	proteomic profiling by mass spectrometry	ErYT180417_6_GRASPA_ghost_serie3_SCX1_F26209.raw	https://www.ebi.ac.uk/pride/archive/projects/PXD022549/ErYT180417_6_GRASPA_ghost_serie3_SCX1_F26209	1	AC=PRIDE:0000561; NT=Strong cation-exchange chromatography (SCX)	AC=MS:1002038;NT=label free sample	1	NT=Orbitrap Fusion Lumos;AC=MS:1002732	NT=Trypsin;AC=MS:1001251	AC=MS:1002416; NT=Orbitrap Fusion	AC=PRIDE:0000563;NT=Reversed-phase chromatography	NT=Carbamidomethyl;AC=UNIMOD:4;TA=C;MT=Fixed	NT=Oxidation;AC=UNIMOD:35;MT=Variable;TA=M	NT=Acetyl;AC=UNIMOD:1;PP=Protein N-term;MT=variable	AC=MS:1000422;NT=HCD	25 ppm	0.5 Da	erythrocyte
PXD022549-Sample-117	Homo sapiens	blood	erythrocyte	eryaspase	ghost	4	not applicable	no available	no available	not applicable	normal	no depletion	4	run 117	proteomic profiling by mass spectrometry	ErYT180417_6_GRASPA_ghost_serie3_SCX2_F26210.raw	https://www.ebi.ac.uk/pride/archive/projects/PXD022549/ErYT180417_6_GRASPA_ghost_serie3_SCX2_F26210	2	AC=PRIDE:0000561; NT=Strong cation-exchange chromatography (SCX)	AC=MS:1002038;NT=label free sample	1	NT=Orbitrap Fusion Lumos;AC=MS:1002732	NT=Trypsin;AC=MS:1001251	AC=MS:1002416; NT=Orbitrap Fusion	AC=PRIDE:0000563;NT=Reversed-phase chromatography	NT=Carbamidomethyl;AC=UNIMOD:4;TA=C;MT=Fixed	NT=Oxidation;AC=UNIMOD:35;MT=Variable;TA=M	NT=Acetyl;AC=UNIMOD:1;PP=Protein N-term;MT=variable	AC=MS:1000422;NT=HCD	25 ppm	0.5 Da	erythrocyte
PXD022549-Sample-118	Homo sapiens	blood	erythrocyte	eryaspase	ghost	4	not applicable	no available	no available	not applicable	normal	no depletion	4	run 118	proteomic profiling by mass spectrometry	ErYT180417_6_GRASPA_ghost_serie3_SCX3_F26211.raw	https://www.ebi.ac.uk/pride/archive/projects/PXD022549/ErYT180417_6_GRASPA_ghost_serie3_SCX3_F26211	3	AC=PRIDE:0000561; NT=Strong cation-exchange chromatography (SCX)	AC=MS:1002038;NT=label free sample	1	NT=Orbitrap Fusion Lumos;AC=MS:1002732	NT=Trypsin;AC=MS:1001251	AC=MS:1002416; NT=Orbitrap Fusion	AC=PRIDE:0000563;NT=Reversed-phase chromatography	NT=Carbamidomethyl;AC=UNIMOD:4;TA=C;MT=Fixed	NT=Oxidation;AC=UNIMOD:35;MT=Variable;TA=M	NT=Acetyl;AC=UNIMOD:1;PP=Protein N-term;MT=variable	AC=MS:1000422;NT=HCD	25 ppm	0.5 Da	erythrocyte
PXD022549-Sample-119	Homo sapiens	blood	erythrocyte	eryaspase	ghost	4	not applicable	no available	no available	not applicable	normal	no depletion	4	run 119	proteomic profiling by mass spectrometry	ErYT180417_6_GRASPA_ghost_serie3_SCX4_F26212_180702221703.raw	https://www.ebi.ac.uk/pride/archive/projects/PXD022549/ErYT180417_6_GRASPA_ghost_serie3_SCX4_F26212_180702221703	4	AC=PRIDE:0000561; NT=Strong cation-exchange chromatography (SCX)	AC=MS:1002038;NT=label free sample	1	NT=Orbitrap Fusion Lumos;AC=MS:1002732	NT=Trypsin;AC=MS:1001251	AC=MS:1002416; NT=Orbitrap Fusion	AC=PRIDE:0000563;NT=Reversed-phase chromatography	NT=Carbamidomethyl;AC=UNIMOD:4;TA=C;MT=Fixed	NT=Oxidation;AC=UNIMOD:35;MT=Variable;TA=M	NT=Acetyl;AC=UNIMOD:1;PP=Protein N-term;MT=variable	AC=MS:1000422;NT=HCD	25 ppm	0.5 Da	erythrocyte
PXD022549-Sample-120	Homo sapiens	blood	erythrocyte	eryaspase	ghost	4	not applicable	no available	no available	not applicable	normal	no depletion	4	run 120	proteomic profiling by mass spectrometry	ErYT180417_6_GRASPA_ghost_serie3_SCX5_F26213_180703011152.raw	https://www.ebi.ac.uk/pride/archive/projects/PXD022549/ErYT180417_6_GRASPA_ghost_serie3_SCX5_F26213_180703011152	5	AC=PRIDE:0000561; NT=Strong cation-exchange chromatography (SCX)	AC=MS:1002038;NT=label free sample	1	NT=Orbitrap Fusion Lumos;AC=MS:1002732	NT=Trypsin;AC=MS:1001251	AC=MS:1002416; NT=Orbitrap Fusion	AC=PRIDE:0000563;NT=Reversed-phase chromatography	NT=Carbamidomethyl;AC=UNIMOD:4;TA=C;MT=Fixed	NT=Oxidation;AC=UNIMOD:35;MT=Variable;TA=M	NT=Acetyl;AC=UNIMOD:1;PP=Protein N-term;MT=variable	AC=MS:1000422;NT=HCD	25 ppm	0.5 Da	erythrocyte