source name	characteristics[organism]	characteristics[organism part]	characteristics[individual]	characteristics[cell type]	characteristics[red cell development]	characteristics[ancestry category]	characteristics[age]	characteristics[sex]	characteristics[developmental stage]	characteristics[disease]	characteristics[depletion]	characteristics[biological replicate]	characteristics[sampling time]	assay name	Technology type	comment[data file]	comment[file uri]	comment[fraction identifier]	comment[fractionation method]	comment[label]	comment[technical replicate]	comment[instrument]	comment[cleavage agent details]	comment[MS2 mass analyzer]	comment[separation]	comment[modification parameter]	comment[modification parameter]	comment[dissociation method]	comment[collision energy]	comment[precursor mass tolerance]	comment[fragment mass tolerance]	factor value[organism part]
PXD029965-Sample-1	Homo sapiens	blood	1	erythrocyte	erythrocyte	not available	not available	not available	not available	Essential Thrombocythemia	no depletion	1	no aplicable	WaEL190923_JAK2_GET_J1_SCX1_F34008	proteomic profiling by mass spectrometry	WaEL190923_JAK2_GET_J1_SCX1_F34008.raw	https://www.ebi.ac.uk/pride/archive/projects/PXD029965/WaEL190923_JAK2_GET_J1_SCX1_F34008.raw	1	AC=PRIDE:0000561 ;NT=Strong cation-exchange chromatography (SCX)	AC=MS:1002038;NT=label free sample	1	NT=Orbitrap Fusion Lumos;AC=MS:1002732	NT=Trypsin;AC=MS:1001251	AC=MS:1002416; NT=Orbitrap Fusion	AC=PRIDE:0000563;NT=Reversed-phase chromatography	NT=Carbamidomethyl;AC=UNIMOD:4;TA=C;MT=Fixed	NT=Oxidation;AC=UNIMOD:35;MT=Variable;TA=M	not available	not available	not available	not available	erythrocyte
PXD029965-Sample-2	Homo sapiens	blood	1	erythrocyte	erythrocyte	not available	not available	not available	not available	Essential Thrombocythemia	no depletion	1	no aplicable	WaEL190923_JAK2_GET_J1_SCX2_F34009	proteomic profiling by mass spectrometry	WaEL190923_JAK2_GET_J1_SCX2_F34009.raw	https://www.ebi.ac.uk/pride/archive/projects/PXD029965/WaEL190923_JAK2_GET_J1_SCX2_F34009.raw	2	AC=PRIDE:0000561 ;NT=Strong cation-exchange chromatography (SCX)	AC=MS:1002038;NT=label free sample	1	NT=Orbitrap Fusion Lumos;AC=MS:1002732	NT=Trypsin;AC=MS:1001251	AC=MS:1002416; NT=Orbitrap Fusion	AC=PRIDE:0000563;NT=Reversed-phase chromatography	NT=Carbamidomethyl;AC=UNIMOD:4;TA=C;MT=Fixed	NT=Oxidation;AC=UNIMOD:35;MT=Variable;TA=M	not available	not available	not available	not available	erythrocyte
PXD029965-Sample-3	Homo sapiens	blood	1	erythrocyte	erythrocyte	not available	not available	not available	not available	Essential Thrombocythemia	no depletion	1	no aplicable	WaEL190923_JAK2_GET_J1_SCX3_F34010	proteomic profiling by mass spectrometry	WaEL190923_JAK2_GET_J1_SCX3_F34010.raw	https://www.ebi.ac.uk/pride/archive/projects/PXD029965/WaEL190923_JAK2_GET_J1_SCX3_F34010.raw	3	AC=PRIDE:0000561 ;NT=Strong cation-exchange chromatography (SCX)	AC=MS:1002038;NT=label free sample	1	NT=Orbitrap Fusion Lumos;AC=MS:1002732	NT=Trypsin;AC=MS:1001251	AC=MS:1002416; NT=Orbitrap Fusion	AC=PRIDE:0000563;NT=Reversed-phase chromatography	NT=Carbamidomethyl;AC=UNIMOD:4;TA=C;MT=Fixed	NT=Oxidation;AC=UNIMOD:35;MT=Variable;TA=M	not available	not available	not available	not available	erythrocyte
PXD029965-Sample-4	Homo sapiens	blood	1	erythrocyte	erythrocyte	not available	not available	not available	not available	Essential Thrombocythemia	no depletion	1	no aplicable	WaEL190923_JAK2_GET_J1_SCX4_F34011	proteomic profiling by mass spectrometry	WaEL190923_JAK2_GET_J1_SCX4_F34011.raw	https://www.ebi.ac.uk/pride/archive/projects/PXD029965/WaEL190923_JAK2_GET_J1_SCX4_F34011.raw	4	AC=PRIDE:0000561 ;NT=Strong cation-exchange chromatography (SCX)	AC=MS:1002038;NT=label free sample	1	NT=Orbitrap Fusion Lumos;AC=MS:1002732	NT=Trypsin;AC=MS:1001251	AC=MS:1002416; NT=Orbitrap Fusion	AC=PRIDE:0000563;NT=Reversed-phase chromatography	NT=Carbamidomethyl;AC=UNIMOD:4;TA=C;MT=Fixed	NT=Oxidation;AC=UNIMOD:35;MT=Variable;TA=M	not available	not available	not available	not available	erythrocyte
PXD029965-Sample-5	Homo sapiens	blood	1	erythrocyte	erythrocyte	not available	not available	not available	not available	Essential Thrombocythemia	no depletion	1	no aplicable	WaEL190923_JAK2_GET_J1_SCX5_F34012	proteomic profiling by mass spectrometry	WaEL190923_JAK2_GET_J1_SCX5_F34012.raw	https://www.ebi.ac.uk/pride/archive/projects/PXD029965/WaEL190923_JAK2_GET_J1_SCX5_F34012.raw	5	AC=PRIDE:0000561 ;NT=Strong cation-exchange chromatography (SCX)	AC=MS:1002038;NT=label free sample	1	NT=Orbitrap Fusion Lumos;AC=MS:1002732	NT=Trypsin;AC=MS:1001251	AC=MS:1002416; NT=Orbitrap Fusion	AC=PRIDE:0000563;NT=Reversed-phase chromatography	NT=Carbamidomethyl;AC=UNIMOD:4;TA=C;MT=Fixed	NT=Oxidation;AC=UNIMOD:35;MT=Variable;TA=M	not available	not available	not available	not available	erythrocyte
PXD029965-Sample-6	Homo sapiens	blood	2	erythrocyte	erythrocyte	not available	not available	not available	not available	Essential Thrombocythemia	no depletion	2	no aplicable	WaEL190923_JAK2_GET_J2_SCX1_F34014	proteomic profiling by mass spectrometry	WaEL190923_JAK2_GET_J2_SCX1_F34014.raw	https://www.ebi.ac.uk/pride/archive/projects/PXD029965/WaEL190923_JAK2_GET_J2_SCX1_F34014.raw	1	AC=PRIDE:0000561 ;NT=Strong cation-exchange chromatography (SCX)	AC=MS:1002038;NT=label free sample	1	NT=Orbitrap Fusion Lumos;AC=MS:1002732	NT=Trypsin;AC=MS:1001251	AC=MS:1002416; NT=Orbitrap Fusion	AC=PRIDE:0000563;NT=Reversed-phase chromatography	NT=Carbamidomethyl;AC=UNIMOD:4;TA=C;MT=Fixed	NT=Oxidation;AC=UNIMOD:35;MT=Variable;TA=M	not available	not available	not available	not available	erythrocyte
PXD029965-Sample-7	Homo sapiens	blood	2	erythrocyte	erythrocyte	not available	not available	not available	not available	Essential Thrombocythemia	no depletion	2	no aplicable	WaEL190923_JAK2_GET_J2_SCX2_F34015	proteomic profiling by mass spectrometry	WaEL190923_JAK2_GET_J2_SCX2_F34015.raw	https://www.ebi.ac.uk/pride/archive/projects/PXD029965/WaEL190923_JAK2_GET_J2_SCX2_F34015.raw	2	AC=PRIDE:0000561 ;NT=Strong cation-exchange chromatography (SCX)	AC=MS:1002038;NT=label free sample	1	NT=Orbitrap Fusion Lumos;AC=MS:1002732	NT=Trypsin;AC=MS:1001251	AC=MS:1002416; NT=Orbitrap Fusion	AC=PRIDE:0000563;NT=Reversed-phase chromatography	NT=Carbamidomethyl;AC=UNIMOD:4;TA=C;MT=Fixed	NT=Oxidation;AC=UNIMOD:35;MT=Variable;TA=M	not available	not available	not available	not available	erythrocyte
PXD029965-Sample-8	Homo sapiens	blood	2	erythrocyte	erythrocyte	not available	not available	not available	not available	Essential Thrombocythemia	no depletion	2	no aplicable	WaEL190923_JAK2_GET_J2_SCX3_F34016	proteomic profiling by mass spectrometry	WaEL190923_JAK2_GET_J2_SCX3_F34016.raw	https://www.ebi.ac.uk/pride/archive/projects/PXD029965/WaEL190923_JAK2_GET_J2_SCX3_F34016.raw	3	AC=PRIDE:0000561 ;NT=Strong cation-exchange chromatography (SCX)	AC=MS:1002038;NT=label free sample	1	NT=Orbitrap Fusion Lumos;AC=MS:1002732	NT=Trypsin;AC=MS:1001251	AC=MS:1002416; NT=Orbitrap Fusion	AC=PRIDE:0000563;NT=Reversed-phase chromatography	NT=Carbamidomethyl;AC=UNIMOD:4;TA=C;MT=Fixed	NT=Oxidation;AC=UNIMOD:35;MT=Variable;TA=M	not available	not available	not available	not available	erythrocyte
PXD029965-Sample-9	Homo sapiens	blood	2	erythrocyte	erythrocyte	not available	not available	not available	not available	Essential Thrombocythemia	no depletion	2	no aplicable	WaEL190923_JAK2_GET_J2_SCX4_F34017	proteomic profiling by mass spectrometry	WaEL190923_JAK2_GET_J2_SCX4_F34017.raw	https://www.ebi.ac.uk/pride/archive/projects/PXD029965/WaEL190923_JAK2_GET_J2_SCX4_F34017.raw	4	AC=PRIDE:0000561 ;NT=Strong cation-exchange chromatography (SCX)	AC=MS:1002038;NT=label free sample	1	NT=Orbitrap Fusion Lumos;AC=MS:1002732	NT=Trypsin;AC=MS:1001251	AC=MS:1002416; NT=Orbitrap Fusion	AC=PRIDE:0000563;NT=Reversed-phase chromatography	NT=Carbamidomethyl;AC=UNIMOD:4;TA=C;MT=Fixed	NT=Oxidation;AC=UNIMOD:35;MT=Variable;TA=M	not available	not available	not available	not available	erythrocyte
PXD029965-Sample-10	Homo sapiens	blood	2	erythrocyte	erythrocyte	not available	not available	not available	not available	Essential Thrombocythemia	no depletion	2	no aplicable	WaEL190923_JAK2_GET_J2_SCX5_F34018	proteomic profiling by mass spectrometry	WaEL190923_JAK2_GET_J2_SCX5_F34018.raw	https://www.ebi.ac.uk/pride/archive/projects/PXD029965/WaEL190923_JAK2_GET_J2_SCX5_F34018.raw	5	AC=PRIDE:0000561 ;NT=Strong cation-exchange chromatography (SCX)	AC=MS:1002038;NT=label free sample	1	NT=Orbitrap Fusion Lumos;AC=MS:1002732	NT=Trypsin;AC=MS:1001251	AC=MS:1002416; NT=Orbitrap Fusion	AC=PRIDE:0000563;NT=Reversed-phase chromatography	NT=Carbamidomethyl;AC=UNIMOD:4;TA=C;MT=Fixed	NT=Oxidation;AC=UNIMOD:35;MT=Variable;TA=M	not available	not available	not available	not available	erythrocyte
PXD029965-Sample-11	Homo sapiens	blood	3	erythrocyte	erythrocyte	not available	not available	not available	not available	Essential Thrombocythemia	no depletion	3	no aplicable	WaEL190923_JAK2_GET_J3_SCX1_F34110	proteomic profiling by mass spectrometry	WaEL190923_JAK2_GET_J3_SCX1_F34110.raw	https://www.ebi.ac.uk/pride/archive/projects/PXD029965/WaEL190923_JAK2_GET_J3_SCX1_F34110.raw	1	AC=PRIDE:0000561 ;NT=Strong cation-exchange chromatography (SCX)	AC=MS:1002038;NT=label free sample	1	NT=Orbitrap Fusion Lumos;AC=MS:1002732	NT=Trypsin;AC=MS:1001251	AC=MS:1002416; NT=Orbitrap Fusion	AC=PRIDE:0000563;NT=Reversed-phase chromatography	NT=Carbamidomethyl;AC=UNIMOD:4;TA=C;MT=Fixed	NT=Oxidation;AC=UNIMOD:35;MT=Variable;TA=M	not available	not available	not available	not available	erythrocyte
PXD029965-Sample-12	Homo sapiens	blood	3	erythrocyte	erythrocyte	not available	not available	not available	not available	Essential Thrombocythemia	no depletion	3	no aplicable	WaEL190923_JAK2_GET_J3_SCX2_F34111_191207131710	proteomic profiling by mass spectrometry	WaEL190923_JAK2_GET_J3_SCX2_F34111_191207131710.raw	https://www.ebi.ac.uk/pride/archive/projects/PXD029965/WaEL190923_JAK2_GET_J3_SCX2_F34111_191207131710.raw	2	AC=PRIDE:0000561 ;NT=Strong cation-exchange chromatography (SCX)	AC=MS:1002038;NT=label free sample	1	NT=Orbitrap Fusion Lumos;AC=MS:1002732	NT=Trypsin;AC=MS:1001251	AC=MS:1002416; NT=Orbitrap Fusion	AC=PRIDE:0000563;NT=Reversed-phase chromatography	NT=Carbamidomethyl;AC=UNIMOD:4;TA=C;MT=Fixed	NT=Oxidation;AC=UNIMOD:35;MT=Variable;TA=M	not available	not available	not available	not available	erythrocyte
PXD029965-Sample-13	Homo sapiens	blood	3	erythrocyte	erythrocyte	not available	not available	not available	not available	Essential Thrombocythemia	no depletion	3	no aplicable	WaEL190923_JAK2_GET_J3_SCX3_F34112	proteomic profiling by mass spectrometry	WaEL190923_JAK2_GET_J3_SCX3_F34112.raw	https://www.ebi.ac.uk/pride/archive/projects/PXD029965/WaEL190923_JAK2_GET_J3_SCX3_F34112.raw	3	AC=PRIDE:0000561 ;NT=Strong cation-exchange chromatography (SCX)	AC=MS:1002038;NT=label free sample	1	NT=Orbitrap Fusion Lumos;AC=MS:1002732	NT=Trypsin;AC=MS:1001251	AC=MS:1002416; NT=Orbitrap Fusion	AC=PRIDE:0000563;NT=Reversed-phase chromatography	NT=Carbamidomethyl;AC=UNIMOD:4;TA=C;MT=Fixed	NT=Oxidation;AC=UNIMOD:35;MT=Variable;TA=M	not available	not available	not available	not available	erythrocyte
PXD029965-Sample-14	Homo sapiens	blood	3	erythrocyte	erythrocyte	not available	not available	not available	not available	Essential Thrombocythemia	no depletion	3	no aplicable	WaEL190923_JAK2_GET_J3_SCX4_F34113	proteomic profiling by mass spectrometry	WaEL190923_JAK2_GET_J3_SCX4_F34113.raw	https://www.ebi.ac.uk/pride/archive/projects/PXD029965/WaEL190923_JAK2_GET_J3_SCX4_F34113.raw	4	AC=PRIDE:0000561 ;NT=Strong cation-exchange chromatography (SCX)	AC=MS:1002038;NT=label free sample	1	NT=Orbitrap Fusion Lumos;AC=MS:1002732	NT=Trypsin;AC=MS:1001251	AC=MS:1002416; NT=Orbitrap Fusion	AC=PRIDE:0000563;NT=Reversed-phase chromatography	NT=Carbamidomethyl;AC=UNIMOD:4;TA=C;MT=Fixed	NT=Oxidation;AC=UNIMOD:35;MT=Variable;TA=M	not available	not available	not available	not available	erythrocyte
PXD029965-Sample-15	Homo sapiens	blood	3	erythrocyte	erythrocyte	not available	not available	not available	not available	Essential Thrombocythemia	no depletion	3	no aplicable	WaEL190923_JAK2_GET_J3_SCX5_F34114	proteomic profiling by mass spectrometry	WaEL190923_JAK2_GET_J3_SCX5_F34114.raw	https://www.ebi.ac.uk/pride/archive/projects/PXD029965/WaEL190923_JAK2_GET_J3_SCX5_F34114.raw	5	AC=PRIDE:0000561 ;NT=Strong cation-exchange chromatography (SCX)	AC=MS:1002038;NT=label free sample	1	NT=Orbitrap Fusion Lumos;AC=MS:1002732	NT=Trypsin;AC=MS:1001251	AC=MS:1002416; NT=Orbitrap Fusion	AC=PRIDE:0000563;NT=Reversed-phase chromatography	NT=Carbamidomethyl;AC=UNIMOD:4;TA=C;MT=Fixed	NT=Oxidation;AC=UNIMOD:35;MT=Variable;TA=M	not available	not available	not available	not available	erythrocyte
PXD029965-Sample-16	Homo sapiens	blood	4	erythrocyte	erythrocyte	not available	not available	not available	not available	Essential Thrombocythemia	no depletion	4	no aplicable	WaEL190923_JAK2_GET_J4_SCX1_F34104	proteomic profiling by mass spectrometry	WaEL190923_JAK2_GET_J4_SCX1_F34104.raw	https://www.ebi.ac.uk/pride/archive/projects/PXD029965/WaEL190923_JAK2_GET_J4_SCX1_F34104.raw	1	AC=PRIDE:0000561 ;NT=Strong cation-exchange chromatography (SCX)	AC=MS:1002038;NT=label free sample	1	NT=Orbitrap Fusion Lumos;AC=MS:1002732	NT=Trypsin;AC=MS:1001251	AC=MS:1002416; NT=Orbitrap Fusion	AC=PRIDE:0000563;NT=Reversed-phase chromatography	NT=Carbamidomethyl;AC=UNIMOD:4;TA=C;MT=Fixed	NT=Oxidation;AC=UNIMOD:35;MT=Variable;TA=M	not available	not available	not available	not available	erythrocyte
PXD029965-Sample-17	Homo sapiens	blood	4	erythrocyte	erythrocyte	not available	not available	not available	not available	Essential Thrombocythemia	no depletion	4	no aplicable	WaEL190923_JAK2_GET_J4_SCX2_F34105	proteomic profiling by mass spectrometry	WaEL190923_JAK2_GET_J4_SCX2_F34105.raw	https://www.ebi.ac.uk/pride/archive/projects/PXD029965/WaEL190923_JAK2_GET_J4_SCX2_F34105.raw	2	AC=PRIDE:0000561 ;NT=Strong cation-exchange chromatography (SCX)	AC=MS:1002038;NT=label free sample	1	NT=Orbitrap Fusion Lumos;AC=MS:1002732	NT=Trypsin;AC=MS:1001251	AC=MS:1002416; NT=Orbitrap Fusion	AC=PRIDE:0000563;NT=Reversed-phase chromatography	NT=Carbamidomethyl;AC=UNIMOD:4;TA=C;MT=Fixed	NT=Oxidation;AC=UNIMOD:35;MT=Variable;TA=M	not available	not available	not available	not available	erythrocyte
PXD029965-Sample-18	Homo sapiens	blood	4	erythrocyte	erythrocyte	not available	not available	not available	not available	Essential Thrombocythemia	no depletion	4	no aplicable	WaEL190923_JAK2_GET_J4_SCX3_F34106	proteomic profiling by mass spectrometry	WaEL190923_JAK2_GET_J4_SCX3_F34106.raw	https://www.ebi.ac.uk/pride/archive/projects/PXD029965/WaEL190923_JAK2_GET_J4_SCX3_F34106.raw	3	AC=PRIDE:0000561 ;NT=Strong cation-exchange chromatography (SCX)	AC=MS:1002038;NT=label free sample	1	NT=Orbitrap Fusion Lumos;AC=MS:1002732	NT=Trypsin;AC=MS:1001251	AC=MS:1002416; NT=Orbitrap Fusion	AC=PRIDE:0000563;NT=Reversed-phase chromatography	NT=Carbamidomethyl;AC=UNIMOD:4;TA=C;MT=Fixed	NT=Oxidation;AC=UNIMOD:35;MT=Variable;TA=M	not available	not available	not available	not available	erythrocyte
PXD029965-Sample-19	Homo sapiens	blood	4	erythrocyte	erythrocyte	not available	not available	not available	not available	Essential Thrombocythemia	no depletion	4	no aplicable	WaEL190923_JAK2_GET_J4_SCX4_F34107	proteomic profiling by mass spectrometry	WaEL190923_JAK2_GET_J4_SCX4_F34107.raw	https://www.ebi.ac.uk/pride/archive/projects/PXD029965/WaEL190923_JAK2_GET_J4_SCX4_F34107.raw	4	AC=PRIDE:0000561 ;NT=Strong cation-exchange chromatography (SCX)	AC=MS:1002038;NT=label free sample	1	NT=Orbitrap Fusion Lumos;AC=MS:1002732	NT=Trypsin;AC=MS:1001251	AC=MS:1002416; NT=Orbitrap Fusion	AC=PRIDE:0000563;NT=Reversed-phase chromatography	NT=Carbamidomethyl;AC=UNIMOD:4;TA=C;MT=Fixed	NT=Oxidation;AC=UNIMOD:35;MT=Variable;TA=M	not available	not available	not available	not available	erythrocyte
PXD029965-Sample-20	Homo sapiens	blood	4	erythrocyte	erythrocyte	not available	not available	not available	not available	Essential Thrombocythemia	no depletion	4	no aplicable	WaEL190923_JAK2_GET_J4_SCX5_F34108	proteomic profiling by mass spectrometry	WaEL190923_JAK2_GET_J4_SCX5_F34108.raw	https://www.ebi.ac.uk/pride/archive/projects/PXD029965/WaEL190923_JAK2_GET_J4_SCX5_F34108.raw	5	AC=PRIDE:0000561 ;NT=Strong cation-exchange chromatography (SCX)	AC=MS:1002038;NT=label free sample	1	NT=Orbitrap Fusion Lumos;AC=MS:1002732	NT=Trypsin;AC=MS:1001251	AC=MS:1002416; NT=Orbitrap Fusion	AC=PRIDE:0000563;NT=Reversed-phase chromatography	NT=Carbamidomethyl;AC=UNIMOD:4;TA=C;MT=Fixed	NT=Oxidation;AC=UNIMOD:35;MT=Variable;TA=M	not available	not available	not available	not available	erythrocyte
PXD029965-Sample-21	Homo sapiens	blood	1	erythrocyte	erythrocyte	not available	not available	not available	not available	Polycythemia Vera	no depletion	1	no aplicable	WaEL190923_JAK2_GPV_J1_SCX1_F33996	proteomic profiling by mass spectrometry	WaEL190923_JAK2_GPV_J1_SCX1_F33996.raw	https://www.ebi.ac.uk/pride/archive/projects/PXD029965/WaEL190923_JAK2_GPV_J1_SCX1_F33996.raw	1	AC=PRIDE:0000561 ;NT=Strong cation-exchange chromatography (SCX)	AC=MS:1002038;NT=label free sample	1	NT=Orbitrap Fusion Lumos;AC=MS:1002732	NT=Trypsin;AC=MS:1001251	AC=MS:1002416; NT=Orbitrap Fusion	AC=PRIDE:0000563;NT=Reversed-phase chromatography	NT=Carbamidomethyl;AC=UNIMOD:4;TA=C;MT=Fixed	NT=Oxidation;AC=UNIMOD:35;MT=Variable;TA=M	not available	not available	not available	not available	erythrocyte
PXD029965-Sample-22	Homo sapiens	blood	1	erythrocyte	erythrocyte	not available	not available	not available	not available	Polycythemia Vera	no depletion	1	no aplicable	WaEL190923_JAK2_GPV_J1_SCX2_F33997	proteomic profiling by mass spectrometry	WaEL190923_JAK2_GPV_J1_SCX2_F33997.raw	https://www.ebi.ac.uk/pride/archive/projects/PXD029965/WaEL190923_JAK2_GPV_J1_SCX2_F33997.raw	2	AC=PRIDE:0000561 ;NT=Strong cation-exchange chromatography (SCX)	AC=MS:1002038;NT=label free sample	1	NT=Orbitrap Fusion Lumos;AC=MS:1002732	NT=Trypsin;AC=MS:1001251	AC=MS:1002416; NT=Orbitrap Fusion	AC=PRIDE:0000563;NT=Reversed-phase chromatography	NT=Carbamidomethyl;AC=UNIMOD:4;TA=C;MT=Fixed	NT=Oxidation;AC=UNIMOD:35;MT=Variable;TA=M	not available	not available	not available	not available	erythrocyte
PXD029965-Sample-23	Homo sapiens	blood	1	erythrocyte	erythrocyte	not available	not available	not available	not available	Polycythemia Vera	no depletion	1	no aplicable	WaEL190923_JAK2_GPV_J1_SCX3_F33998	proteomic profiling by mass spectrometry	WaEL190923_JAK2_GPV_J1_SCX3_F33998.raw	https://www.ebi.ac.uk/pride/archive/projects/PXD029965/WaEL190923_JAK2_GPV_J1_SCX3_F33998.raw	3	AC=PRIDE:0000561 ;NT=Strong cation-exchange chromatography (SCX)	AC=MS:1002038;NT=label free sample	1	NT=Orbitrap Fusion Lumos;AC=MS:1002732	NT=Trypsin;AC=MS:1001251	AC=MS:1002416; NT=Orbitrap Fusion	AC=PRIDE:0000563;NT=Reversed-phase chromatography	NT=Carbamidomethyl;AC=UNIMOD:4;TA=C;MT=Fixed	NT=Oxidation;AC=UNIMOD:35;MT=Variable;TA=M	not available	not available	not available	not available	erythrocyte
PXD029965-Sample-24	Homo sapiens	blood	1	erythrocyte	erythrocyte	not available	not available	not available	not available	Polycythemia Vera	no depletion	1	no aplicable	WaEL190923_JAK2_GPV_J1_SCX4_F33999	proteomic profiling by mass spectrometry	WaEL190923_JAK2_GPV_J1_SCX4_F33999.raw	https://www.ebi.ac.uk/pride/archive/projects/PXD029965/WaEL190923_JAK2_GPV_J1_SCX4_F33999.raw	4	AC=PRIDE:0000561 ;NT=Strong cation-exchange chromatography (SCX)	AC=MS:1002038;NT=label free sample	1	NT=Orbitrap Fusion Lumos;AC=MS:1002732	NT=Trypsin;AC=MS:1001251	AC=MS:1002416; NT=Orbitrap Fusion	AC=PRIDE:0000563;NT=Reversed-phase chromatography	NT=Carbamidomethyl;AC=UNIMOD:4;TA=C;MT=Fixed	NT=Oxidation;AC=UNIMOD:35;MT=Variable;TA=M	not available	not available	not available	not available	erythrocyte
PXD029965-Sample-25	Homo sapiens	blood	1	erythrocyte	erythrocyte	not available	not available	not available	not available	Polycythemia Vera	no depletion	1	no aplicable	WaEL190923_JAK2_GPV_J1_SCX5_F34000_191123115218	proteomic profiling by mass spectrometry	WaEL190923_JAK2_GPV_J1_SCX5_F34000_191123115218.raw	https://www.ebi.ac.uk/pride/archive/projects/PXD029965/WaEL190923_JAK2_GPV_J1_SCX5_F34000_191123115218.raw	5	AC=PRIDE:0000561 ;NT=Strong cation-exchange chromatography (SCX)	AC=MS:1002038;NT=label free sample	1	NT=Orbitrap Fusion Lumos;AC=MS:1002732	NT=Trypsin;AC=MS:1001251	AC=MS:1002416; NT=Orbitrap Fusion	AC=PRIDE:0000563;NT=Reversed-phase chromatography	NT=Carbamidomethyl;AC=UNIMOD:4;TA=C;MT=Fixed	NT=Oxidation;AC=UNIMOD:35;MT=Variable;TA=M	not available	not available	not available	not available	erythrocyte
PXD029965-Sample-26	Homo sapiens	blood	2	erythrocyte	erythrocyte	not available	not available	not available	not available	Polycythemia Vera	no depletion	2	no aplicable	WaEL190923_JAK2_GPV_J2_SCX1_F34098	proteomic profiling by mass spectrometry	WaEL190923_JAK2_GPV_J2_SCX1_F34098.raw	https://www.ebi.ac.uk/pride/archive/projects/PXD029965/WaEL190923_JAK2_GPV_J2_SCX1_F34098.raw	1	AC=PRIDE:0000561 ;NT=Strong cation-exchange chromatography (SCX)	AC=MS:1002038;NT=label free sample	1	NT=Orbitrap Fusion Lumos;AC=MS:1002732	NT=Trypsin;AC=MS:1001251	AC=MS:1002416; NT=Orbitrap Fusion	AC=PRIDE:0000563;NT=Reversed-phase chromatography	NT=Carbamidomethyl;AC=UNIMOD:4;TA=C;MT=Fixed	NT=Oxidation;AC=UNIMOD:35;MT=Variable;TA=M	not available	not available	not available	not available	erythrocyte
PXD029965-Sample-27	Homo sapiens	blood	2	erythrocyte	erythrocyte	not available	not available	not available	not available	Polycythemia Vera	no depletion	2	no aplicable	WaEL190923_JAK2_GPV_J2_SCX2_F34099	proteomic profiling by mass spectrometry	WaEL190923_JAK2_GPV_J2_SCX2_F34099.raw	https://www.ebi.ac.uk/pride/archive/projects/PXD029965/WaEL190923_JAK2_GPV_J2_SCX2_F34099.raw	2	AC=PRIDE:0000561 ;NT=Strong cation-exchange chromatography (SCX)	AC=MS:1002038;NT=label free sample	1	NT=Orbitrap Fusion Lumos;AC=MS:1002732	NT=Trypsin;AC=MS:1001251	AC=MS:1002416; NT=Orbitrap Fusion	AC=PRIDE:0000563;NT=Reversed-phase chromatography	NT=Carbamidomethyl;AC=UNIMOD:4;TA=C;MT=Fixed	NT=Oxidation;AC=UNIMOD:35;MT=Variable;TA=M	not available	not available	not available	not available	erythrocyte
PXD029965-Sample-28	Homo sapiens	blood	2	erythrocyte	erythrocyte	not available	not available	not available	not available	Polycythemia Vera	no depletion	2	no aplicable	WaEL190923_JAK2_GPV_J2_SCX3_F34100	proteomic profiling by mass spectrometry	WaEL190923_JAK2_GPV_J2_SCX3_F34100.raw	https://www.ebi.ac.uk/pride/archive/projects/PXD029965/WaEL190923_JAK2_GPV_J2_SCX3_F34100.raw	3	AC=PRIDE:0000561 ;NT=Strong cation-exchange chromatography (SCX)	AC=MS:1002038;NT=label free sample	1	NT=Orbitrap Fusion Lumos;AC=MS:1002732	NT=Trypsin;AC=MS:1001251	AC=MS:1002416; NT=Orbitrap Fusion	AC=PRIDE:0000563;NT=Reversed-phase chromatography	NT=Carbamidomethyl;AC=UNIMOD:4;TA=C;MT=Fixed	NT=Oxidation;AC=UNIMOD:35;MT=Variable;TA=M	not available	not available	not available	not available	erythrocyte
PXD029965-Sample-29	Homo sapiens	blood	2	erythrocyte	erythrocyte	not available	not available	not available	not available	Polycythemia Vera	no depletion	2	no aplicable	WaEL190923_JAK2_GPV_J2_SCX4_F34101	proteomic profiling by mass spectrometry	WaEL190923_JAK2_GPV_J2_SCX4_F34101.raw	https://www.ebi.ac.uk/pride/archive/projects/PXD029965/WaEL190923_JAK2_GPV_J2_SCX4_F34101.raw	4	AC=PRIDE:0000561 ;NT=Strong cation-exchange chromatography (SCX)	AC=MS:1002038;NT=label free sample	1	NT=Orbitrap Fusion Lumos;AC=MS:1002732	NT=Trypsin;AC=MS:1001251	AC=MS:1002416; NT=Orbitrap Fusion	AC=PRIDE:0000563;NT=Reversed-phase chromatography	NT=Carbamidomethyl;AC=UNIMOD:4;TA=C;MT=Fixed	NT=Oxidation;AC=UNIMOD:35;MT=Variable;TA=M	not available	not available	not available	not available	erythrocyte
PXD029965-Sample-30	Homo sapiens	blood	2	erythrocyte	erythrocyte	not available	not available	not available	not available	Polycythemia Vera	no depletion	2	no aplicable	WaEL190923_JAK2_GPV_J2_SCX5_F34102	proteomic profiling by mass spectrometry	WaEL190923_JAK2_GPV_J2_SCX5_F34102.raw	https://www.ebi.ac.uk/pride/archive/projects/PXD029965/WaEL190923_JAK2_GPV_J2_SCX5_F34102.raw	5	AC=PRIDE:0000561 ;NT=Strong cation-exchange chromatography (SCX)	AC=MS:1002038;NT=label free sample	1	NT=Orbitrap Fusion Lumos;AC=MS:1002732	NT=Trypsin;AC=MS:1001251	AC=MS:1002416; NT=Orbitrap Fusion	AC=PRIDE:0000563;NT=Reversed-phase chromatography	NT=Carbamidomethyl;AC=UNIMOD:4;TA=C;MT=Fixed	NT=Oxidation;AC=UNIMOD:35;MT=Variable;TA=M	not available	not available	not available	not available	erythrocyte
PXD029965-Sample-31	Homo sapiens	blood	3	erythrocyte	erythrocyte	not available	not available	not available	not available	Polycythemia Vera	no depletion	3	no aplicable	WaEL190923_JAK2_GPV_J3_SCX1_F34092	proteomic profiling by mass spectrometry	WaEL190923_JAK2_GPV_J3_SCX1_F34092.raw	https://www.ebi.ac.uk/pride/archive/projects/PXD029965/WaEL190923_JAK2_GPV_J3_SCX1_F34092.raw	1	AC=PRIDE:0000561 ;NT=Strong cation-exchange chromatography (SCX)	AC=MS:1002038;NT=label free sample	1	NT=Orbitrap Fusion Lumos;AC=MS:1002732	NT=Trypsin;AC=MS:1001251	AC=MS:1002416; NT=Orbitrap Fusion	AC=PRIDE:0000563;NT=Reversed-phase chromatography	NT=Carbamidomethyl;AC=UNIMOD:4;TA=C;MT=Fixed	NT=Oxidation;AC=UNIMOD:35;MT=Variable;TA=M	not available	not available	not available	not available	erythrocyte
PXD029965-Sample-32	Homo sapiens	blood	3	erythrocyte	erythrocyte	not available	not available	not available	not available	Polycythemia Vera	no depletion	3	no aplicable	WaEL190923_JAK2_GPV_J3_SCX2_F34093	proteomic profiling by mass spectrometry	WaEL190923_JAK2_GPV_J3_SCX2_F34093.raw	https://www.ebi.ac.uk/pride/archive/projects/PXD029965/WaEL190923_JAK2_GPV_J3_SCX2_F34093.raw	2	AC=PRIDE:0000561 ;NT=Strong cation-exchange chromatography (SCX)	AC=MS:1002038;NT=label free sample	1	NT=Orbitrap Fusion Lumos;AC=MS:1002732	NT=Trypsin;AC=MS:1001251	AC=MS:1002416; NT=Orbitrap Fusion	AC=PRIDE:0000563;NT=Reversed-phase chromatography	NT=Carbamidomethyl;AC=UNIMOD:4;TA=C;MT=Fixed	NT=Oxidation;AC=UNIMOD:35;MT=Variable;TA=M	not available	not available	not available	not available	erythrocyte
PXD029965-Sample-33	Homo sapiens	blood	3	erythrocyte	erythrocyte	not available	not available	not available	not available	Polycythemia Vera	no depletion	3	no aplicable	WaEL190923_JAK2_GPV_J3_SCX3_F34094	proteomic profiling by mass spectrometry	WaEL190923_JAK2_GPV_J3_SCX3_F34094.raw	https://www.ebi.ac.uk/pride/archive/projects/PXD029965/WaEL190923_JAK2_GPV_J3_SCX3_F34094.raw	3	AC=PRIDE:0000561 ;NT=Strong cation-exchange chromatography (SCX)	AC=MS:1002038;NT=label free sample	1	NT=Orbitrap Fusion Lumos;AC=MS:1002732	NT=Trypsin;AC=MS:1001251	AC=MS:1002416; NT=Orbitrap Fusion	AC=PRIDE:0000563;NT=Reversed-phase chromatography	NT=Carbamidomethyl;AC=UNIMOD:4;TA=C;MT=Fixed	NT=Oxidation;AC=UNIMOD:35;MT=Variable;TA=M	not available	not available	not available	not available	erythrocyte
PXD029965-Sample-34	Homo sapiens	blood	3	erythrocyte	erythrocyte	not available	not available	not available	not available	Polycythemia Vera	no depletion	3	no aplicable	WaEL190923_JAK2_GPV_J3_SCX4_F34095	proteomic profiling by mass spectrometry	WaEL190923_JAK2_GPV_J3_SCX4_F34095.raw	https://www.ebi.ac.uk/pride/archive/projects/PXD029965/WaEL190923_JAK2_GPV_J3_SCX4_F34095.raw	4	AC=PRIDE:0000561 ;NT=Strong cation-exchange chromatography (SCX)	AC=MS:1002038;NT=label free sample	1	NT=Orbitrap Fusion Lumos;AC=MS:1002732	NT=Trypsin;AC=MS:1001251	AC=MS:1002416; NT=Orbitrap Fusion	AC=PRIDE:0000563;NT=Reversed-phase chromatography	NT=Carbamidomethyl;AC=UNIMOD:4;TA=C;MT=Fixed	NT=Oxidation;AC=UNIMOD:35;MT=Variable;TA=M	not available	not available	not available	not available	erythrocyte
PXD029965-Sample-35	Homo sapiens	blood	3	erythrocyte	erythrocyte	not available	not available	not available	not available	Polycythemia Vera	no depletion	3	no aplicable	WaEL190923_JAK2_GPV_J3_SCX5_F34096_191208203118	proteomic profiling by mass spectrometry	WaEL190923_JAK2_GPV_J3_SCX5_F34096_191208203118.raw	https://www.ebi.ac.uk/pride/archive/projects/PXD029965/WaEL190923_JAK2_GPV_J3_SCX5_F34096_191208203118.raw	5	AC=PRIDE:0000561 ;NT=Strong cation-exchange chromatography (SCX)	AC=MS:1002038;NT=label free sample	1	NT=Orbitrap Fusion Lumos;AC=MS:1002732	NT=Trypsin;AC=MS:1001251	AC=MS:1002416; NT=Orbitrap Fusion	AC=PRIDE:0000563;NT=Reversed-phase chromatography	NT=Carbamidomethyl;AC=UNIMOD:4;TA=C;MT=Fixed	NT=Oxidation;AC=UNIMOD:35;MT=Variable;TA=M	not available	not available	not available	not available	erythrocyte
PXD029965-Sample-36	Homo sapiens	blood	4	erythrocyte	erythrocyte	not available	not available	not available	not available	Polycythemia Vera	no depletion	4	no aplicable	WaEL190923_JAK2_GPV_J4_SCX1_F34002	proteomic profiling by mass spectrometry	WaEL190923_JAK2_GPV_J4_SCX1_F34002.raw	https://www.ebi.ac.uk/pride/archive/projects/PXD029965/WaEL190923_JAK2_GPV_J4_SCX1_F34002.raw	1	AC=PRIDE:0000561 ;NT=Strong cation-exchange chromatography (SCX)	AC=MS:1002038;NT=label free sample	1	NT=Orbitrap Fusion Lumos;AC=MS:1002732	NT=Trypsin;AC=MS:1001251	AC=MS:1002416; NT=Orbitrap Fusion	AC=PRIDE:0000563;NT=Reversed-phase chromatography	NT=Carbamidomethyl;AC=UNIMOD:4;TA=C;MT=Fixed	NT=Oxidation;AC=UNIMOD:35;MT=Variable;TA=M	not available	not available	not available	not available	erythrocyte
PXD029965-Sample-37	Homo sapiens	blood	4	erythrocyte	erythrocyte	not available	not available	not available	not available	Polycythemia Vera	no depletion	4	no aplicable	WaEL190923_JAK2_GPV_J4_SCX2_F34003	proteomic profiling by mass spectrometry	WaEL190923_JAK2_GPV_J4_SCX2_F34003.raw	https://www.ebi.ac.uk/pride/archive/projects/PXD029965/WaEL190923_JAK2_GPV_J4_SCX2_F34003.raw	2	AC=PRIDE:0000561 ;NT=Strong cation-exchange chromatography (SCX)	AC=MS:1002038;NT=label free sample	1	NT=Orbitrap Fusion Lumos;AC=MS:1002732	NT=Trypsin;AC=MS:1001251	AC=MS:1002416; NT=Orbitrap Fusion	AC=PRIDE:0000563;NT=Reversed-phase chromatography	NT=Carbamidomethyl;AC=UNIMOD:4;TA=C;MT=Fixed	NT=Oxidation;AC=UNIMOD:35;MT=Variable;TA=M	not available	not available	not available	not available	erythrocyte
PXD029965-Sample-38	Homo sapiens	blood	4	erythrocyte	erythrocyte	not available	not available	not available	not available	Polycythemia Vera	no depletion	4	no aplicable	WaEL190923_JAK2_GPV_J4_SCX3_F34004	proteomic profiling by mass spectrometry	WaEL190923_JAK2_GPV_J4_SCX3_F34004.raw	https://www.ebi.ac.uk/pride/archive/projects/PXD029965/WaEL190923_JAK2_GPV_J4_SCX3_F34004.raw	3	AC=PRIDE:0000561 ;NT=Strong cation-exchange chromatography (SCX)	AC=MS:1002038;NT=label free sample	1	NT=Orbitrap Fusion Lumos;AC=MS:1002732	NT=Trypsin;AC=MS:1001251	AC=MS:1002416; NT=Orbitrap Fusion	AC=PRIDE:0000563;NT=Reversed-phase chromatography	NT=Carbamidomethyl;AC=UNIMOD:4;TA=C;MT=Fixed	NT=Oxidation;AC=UNIMOD:35;MT=Variable;TA=M	not available	not available	not available	not available	erythrocyte
PXD029965-Sample-39	Homo sapiens	blood	4	erythrocyte	erythrocyte	not available	not available	not available	not available	Polycythemia Vera	no depletion	4	no aplicable	WaEL190923_JAK2_GPV_J4_SCX4_F34005	proteomic profiling by mass spectrometry	WaEL190923_JAK2_GPV_J4_SCX4_F34005.raw	https://www.ebi.ac.uk/pride/archive/projects/PXD029965/WaEL190923_JAK2_GPV_J4_SCX4_F34005.raw	4	AC=PRIDE:0000561 ;NT=Strong cation-exchange chromatography (SCX)	AC=MS:1002038;NT=label free sample	1	NT=Orbitrap Fusion Lumos;AC=MS:1002732	NT=Trypsin;AC=MS:1001251	AC=MS:1002416; NT=Orbitrap Fusion	AC=PRIDE:0000563;NT=Reversed-phase chromatography	NT=Carbamidomethyl;AC=UNIMOD:4;TA=C;MT=Fixed	NT=Oxidation;AC=UNIMOD:35;MT=Variable;TA=M	not available	not available	not available	not available	erythrocyte
PXD029965-Sample-40	Homo sapiens	blood	4	erythrocyte	erythrocyte	not available	not available	not available	not available	Polycythemia Vera	no depletion	4	no aplicable	WaEL190923_JAK2_GPV_J4_SCX5_F34006	proteomic profiling by mass spectrometry	WaEL190923_JAK2_GPV_J4_SCX5_F34006.raw	https://www.ebi.ac.uk/pride/archive/projects/PXD029965/WaEL190923_JAK2_GPV_J4_SCX5_F34006.raw	5	AC=PRIDE:0000561 ;NT=Strong cation-exchange chromatography (SCX)	AC=MS:1002038;NT=label free sample	1	NT=Orbitrap Fusion Lumos;AC=MS:1002732	NT=Trypsin;AC=MS:1001251	AC=MS:1002416; NT=Orbitrap Fusion	AC=PRIDE:0000563;NT=Reversed-phase chromatography	NT=Carbamidomethyl;AC=UNIMOD:4;TA=C;MT=Fixed	NT=Oxidation;AC=UNIMOD:35;MT=Variable;TA=M	not available	not available	not available	not available	erythrocyte
PXD029965-Sample-41	Homo sapiens	blood	1	erythrocyte	erythrocyte	not available	not available	not available	not available	Normal	no depletion	1	no aplicable	WaEL190923_JAK2_G_Wt1_SCX1_F34086	proteomic profiling by mass spectrometry	WaEL190923_JAK2_G_Wt1_SCX1_F34086.raw	https://www.ebi.ac.uk/pride/archive/projects/PXD029965/WaEL190923_JAK2_G_Wt1_SCX1_F34086.raw	1	AC=PRIDE:0000561 ;NT=Strong cation-exchange chromatography (SCX)	AC=MS:1002038;NT=label free sample	1	NT=Orbitrap Fusion Lumos;AC=MS:1002732	NT=Trypsin;AC=MS:1001251	AC=MS:1002416; NT=Orbitrap Fusion	AC=PRIDE:0000563;NT=Reversed-phase chromatography	NT=Carbamidomethyl;AC=UNIMOD:4;TA=C;MT=Fixed	NT=Oxidation;AC=UNIMOD:35;MT=Variable;TA=M	not available	not available	not available	not available	erythrocyte
PXD029965-Sample-42	Homo sapiens	blood	1	erythrocyte	erythrocyte	not available	not available	not available	not available	Normal	no depletion	1	no aplicable	WaEL190923_JAK2_G_Wt1_SCX2_F34087	proteomic profiling by mass spectrometry	WaEL190923_JAK2_G_Wt1_SCX2_F34087.raw	https://www.ebi.ac.uk/pride/archive/projects/PXD029965/WaEL190923_JAK2_G_Wt1_SCX2_F34087.raw	2	AC=PRIDE:0000561 ;NT=Strong cation-exchange chromatography (SCX)	AC=MS:1002038;NT=label free sample	1	NT=Orbitrap Fusion Lumos;AC=MS:1002732	NT=Trypsin;AC=MS:1001251	AC=MS:1002416; NT=Orbitrap Fusion	AC=PRIDE:0000563;NT=Reversed-phase chromatography	NT=Carbamidomethyl;AC=UNIMOD:4;TA=C;MT=Fixed	NT=Oxidation;AC=UNIMOD:35;MT=Variable;TA=M	not available	not available	not available	not available	erythrocyte
PXD029965-Sample-43	Homo sapiens	blood	1	erythrocyte	erythrocyte	not available	not available	not available	not available	Normal	no depletion	1	no aplicable	WaEL190923_JAK2_G_Wt1_SCX3_F34088	proteomic profiling by mass spectrometry	WaEL190923_JAK2_G_Wt1_SCX3_F34088.raw	https://www.ebi.ac.uk/pride/archive/projects/PXD029965/WaEL190923_JAK2_G_Wt1_SCX3_F34088.raw	3	AC=PRIDE:0000561 ;NT=Strong cation-exchange chromatography (SCX)	AC=MS:1002038;NT=label free sample	1	NT=Orbitrap Fusion Lumos;AC=MS:1002732	NT=Trypsin;AC=MS:1001251	AC=MS:1002416; NT=Orbitrap Fusion	AC=PRIDE:0000563;NT=Reversed-phase chromatography	NT=Carbamidomethyl;AC=UNIMOD:4;TA=C;MT=Fixed	NT=Oxidation;AC=UNIMOD:35;MT=Variable;TA=M	not available	not available	not available	not available	erythrocyte
PXD029965-Sample-44	Homo sapiens	blood	1	erythrocyte	erythrocyte	not available	not available	not available	not available	Normal	no depletion	1	no aplicable	WaEL190923_JAK2_G_Wt1_SCX4_F34089	proteomic profiling by mass spectrometry	WaEL190923_JAK2_G_Wt1_SCX4_F34089.raw	https://www.ebi.ac.uk/pride/archive/projects/PXD029965/WaEL190923_JAK2_G_Wt1_SCX4_F34089.raw	4	AC=PRIDE:0000561 ;NT=Strong cation-exchange chromatography (SCX)	AC=MS:1002038;NT=label free sample	1	NT=Orbitrap Fusion Lumos;AC=MS:1002732	NT=Trypsin;AC=MS:1001251	AC=MS:1002416; NT=Orbitrap Fusion	AC=PRIDE:0000563;NT=Reversed-phase chromatography	NT=Carbamidomethyl;AC=UNIMOD:4;TA=C;MT=Fixed	NT=Oxidation;AC=UNIMOD:35;MT=Variable;TA=M	not available	not available	not available	not available	erythrocyte
PXD029965-Sample-45	Homo sapiens	blood	1	erythrocyte	erythrocyte	not available	not available	not available	not available	Normal	no depletion	1	no aplicable	WaEL190923_JAK2_G_Wt1_SCX5_F34090	proteomic profiling by mass spectrometry	WaEL190923_JAK2_G_Wt1_SCX5_F34090.raw	https://www.ebi.ac.uk/pride/archive/projects/PXD029965/WaEL190923_JAK2_G_Wt1_SCX5_F34090.raw	5	AC=PRIDE:0000561 ;NT=Strong cation-exchange chromatography (SCX)	AC=MS:1002038;NT=label free sample	1	NT=Orbitrap Fusion Lumos;AC=MS:1002732	NT=Trypsin;AC=MS:1001251	AC=MS:1002416; NT=Orbitrap Fusion	AC=PRIDE:0000563;NT=Reversed-phase chromatography	NT=Carbamidomethyl;AC=UNIMOD:4;TA=C;MT=Fixed	NT=Oxidation;AC=UNIMOD:35;MT=Variable;TA=M	not available	not available	not available	not available	erythrocyte
PXD029965-Sample-46	Homo sapiens	blood	2	erythrocyte	erythrocyte	not available	not available	not available	not available	Normal	no depletion	2	no aplicable	WaEL190923_JAK2_G_Wt2_SCX1_F33984	proteomic profiling by mass spectrometry	WaEL190923_JAK2_G_Wt2_SCX1_F33984.raw	https://www.ebi.ac.uk/pride/archive/projects/PXD029965/WaEL190923_JAK2_G_Wt2_SCX1_F33984.raw	1	AC=PRIDE:0000561 ;NT=Strong cation-exchange chromatography (SCX)	AC=MS:1002038;NT=label free sample	1	NT=Orbitrap Fusion Lumos;AC=MS:1002732	NT=Trypsin;AC=MS:1001251	AC=MS:1002416; NT=Orbitrap Fusion	AC=PRIDE:0000563;NT=Reversed-phase chromatography	NT=Carbamidomethyl;AC=UNIMOD:4;TA=C;MT=Fixed	NT=Oxidation;AC=UNIMOD:35;MT=Variable;TA=M	not available	not available	not available	not available	erythrocyte
PXD029965-Sample-47	Homo sapiens	blood	2	erythrocyte	erythrocyte	not available	not available	not available	not available	Normal	no depletion	2	no aplicable	WaEL190923_JAK2_G_Wt2_SCX2_F33985	proteomic profiling by mass spectrometry	WaEL190923_JAK2_G_Wt2_SCX2_F33985.raw	https://www.ebi.ac.uk/pride/archive/projects/PXD029965/WaEL190923_JAK2_G_Wt2_SCX2_F33985.raw	2	AC=PRIDE:0000561 ;NT=Strong cation-exchange chromatography (SCX)	AC=MS:1002038;NT=label free sample	1	NT=Orbitrap Fusion Lumos;AC=MS:1002732	NT=Trypsin;AC=MS:1001251	AC=MS:1002416; NT=Orbitrap Fusion	AC=PRIDE:0000563;NT=Reversed-phase chromatography	NT=Carbamidomethyl;AC=UNIMOD:4;TA=C;MT=Fixed	NT=Oxidation;AC=UNIMOD:35;MT=Variable;TA=M	not available	not available	not available	not available	erythrocyte
PXD029965-Sample-48	Homo sapiens	blood	2	erythrocyte	erythrocyte	not available	not available	not available	not available	Normal	no depletion	2	no aplicable	WaEL190923_JAK2_G_Wt2_SCX3_F33986	proteomic profiling by mass spectrometry	WaEL190923_JAK2_G_Wt2_SCX3_F33986.raw	https://www.ebi.ac.uk/pride/archive/projects/PXD029965/WaEL190923_JAK2_G_Wt2_SCX3_F33986.raw	3	AC=PRIDE:0000561 ;NT=Strong cation-exchange chromatography (SCX)	AC=MS:1002038;NT=label free sample	1	NT=Orbitrap Fusion Lumos;AC=MS:1002732	NT=Trypsin;AC=MS:1001251	AC=MS:1002416; NT=Orbitrap Fusion	AC=PRIDE:0000563;NT=Reversed-phase chromatography	NT=Carbamidomethyl;AC=UNIMOD:4;TA=C;MT=Fixed	NT=Oxidation;AC=UNIMOD:35;MT=Variable;TA=M	not available	not available	not available	not available	erythrocyte
PXD029965-Sample-49	Homo sapiens	blood	2	erythrocyte	erythrocyte	not available	not available	not available	not available	Normal	no depletion	2	no aplicable	WaEL190923_JAK2_G_Wt2_SCX4_F33987	proteomic profiling by mass spectrometry	WaEL190923_JAK2_G_Wt2_SCX4_F33987.raw	https://www.ebi.ac.uk/pride/archive/projects/PXD029965/WaEL190923_JAK2_G_Wt2_SCX4_F33987.raw	4	AC=PRIDE:0000561 ;NT=Strong cation-exchange chromatography (SCX)	AC=MS:1002038;NT=label free sample	1	NT=Orbitrap Fusion Lumos;AC=MS:1002732	NT=Trypsin;AC=MS:1001251	AC=MS:1002416; NT=Orbitrap Fusion	AC=PRIDE:0000563;NT=Reversed-phase chromatography	NT=Carbamidomethyl;AC=UNIMOD:4;TA=C;MT=Fixed	NT=Oxidation;AC=UNIMOD:35;MT=Variable;TA=M	not available	not available	not available	not available	erythrocyte
PXD029965-Sample-50	Homo sapiens	blood	2	erythrocyte	erythrocyte	not available	not available	not available	not available	Normal	no depletion	2	no aplicable	WaEL190923_JAK2_G_Wt2_SCX5_F33988	proteomic profiling by mass spectrometry	WaEL190923_JAK2_G_Wt2_SCX5_F33988.raw	https://www.ebi.ac.uk/pride/archive/projects/PXD029965/WaEL190923_JAK2_G_Wt2_SCX5_F33988.raw	5	AC=PRIDE:0000561 ;NT=Strong cation-exchange chromatography (SCX)	AC=MS:1002038;NT=label free sample	1	NT=Orbitrap Fusion Lumos;AC=MS:1002732	NT=Trypsin;AC=MS:1001251	AC=MS:1002416; NT=Orbitrap Fusion	AC=PRIDE:0000563;NT=Reversed-phase chromatography	NT=Carbamidomethyl;AC=UNIMOD:4;TA=C;MT=Fixed	NT=Oxidation;AC=UNIMOD:35;MT=Variable;TA=M	not available	not available	not available	not available	erythrocyte
PXD029965-Sample-51	Homo sapiens	blood	3	erythrocyte	erythrocyte	not available	not available	not available	not available	Normal	no depletion	3	no aplicable	WaEL190923_JAK2_G_Wt3_SCX1_F33990_191118120455	proteomic profiling by mass spectrometry	WaEL190923_JAK2_G_Wt3_SCX1_F33990_191118120455.raw	https://www.ebi.ac.uk/pride/archive/projects/PXD029965/WaEL190923_JAK2_G_Wt3_SCX1_F33990_191118120455.raw	1	AC=PRIDE:0000561 ;NT=Strong cation-exchange chromatography (SCX)	AC=MS:1002038;NT=label free sample	1	NT=Orbitrap Fusion Lumos;AC=MS:1002732	NT=Trypsin;AC=MS:1001251	AC=MS:1002416; NT=Orbitrap Fusion	AC=PRIDE:0000563;NT=Reversed-phase chromatography	NT=Carbamidomethyl;AC=UNIMOD:4;TA=C;MT=Fixed	NT=Oxidation;AC=UNIMOD:35;MT=Variable;TA=M	not available	not available	not available	not available	erythrocyte
PXD029965-Sample-52	Homo sapiens	blood	3	erythrocyte	erythrocyte	not available	not available	not available	not available	Normal	no depletion	3	no aplicable	WaEL190923_JAK2_G_Wt3_SCX2_F33991	proteomic profiling by mass spectrometry	WaEL190923_JAK2_G_Wt3_SCX2_F33991.raw	https://www.ebi.ac.uk/pride/archive/projects/PXD029965/WaEL190923_JAK2_G_Wt3_SCX2_F33991.raw	2	AC=PRIDE:0000561 ;NT=Strong cation-exchange chromatography (SCX)	AC=MS:1002038;NT=label free sample	1	NT=Orbitrap Fusion Lumos;AC=MS:1002732	NT=Trypsin;AC=MS:1001251	AC=MS:1002416; NT=Orbitrap Fusion	AC=PRIDE:0000563;NT=Reversed-phase chromatography	NT=Carbamidomethyl;AC=UNIMOD:4;TA=C;MT=Fixed	NT=Oxidation;AC=UNIMOD:35;MT=Variable;TA=M	not available	not available	not available	not available	erythrocyte
PXD029965-Sample-53	Homo sapiens	blood	3	erythrocyte	erythrocyte	not available	not available	not available	not available	Normal	no depletion	3	no aplicable	WaEL190923_JAK2_G_Wt3_SCX3_F33992	proteomic profiling by mass spectrometry	WaEL190923_JAK2_G_Wt3_SCX3_F33992.raw	https://www.ebi.ac.uk/pride/archive/projects/PXD029965/WaEL190923_JAK2_G_Wt3_SCX3_F33992.raw	3	AC=PRIDE:0000561 ;NT=Strong cation-exchange chromatography (SCX)	AC=MS:1002038;NT=label free sample	1	NT=Orbitrap Fusion Lumos;AC=MS:1002732	NT=Trypsin;AC=MS:1001251	AC=MS:1002416; NT=Orbitrap Fusion	AC=PRIDE:0000563;NT=Reversed-phase chromatography	NT=Carbamidomethyl;AC=UNIMOD:4;TA=C;MT=Fixed	NT=Oxidation;AC=UNIMOD:35;MT=Variable;TA=M	not available	not available	not available	not available	erythrocyte
PXD029965-Sample-54	Homo sapiens	blood	3	erythrocyte	erythrocyte	not available	not available	not available	not available	Normal	no depletion	3	no aplicable	WaEL190923_JAK2_G_Wt3_SCX4_F33993	proteomic profiling by mass spectrometry	WaEL190923_JAK2_G_Wt3_SCX4_F33993.raw	https://www.ebi.ac.uk/pride/archive/projects/PXD029965/WaEL190923_JAK2_G_Wt3_SCX4_F33993.raw	4	AC=PRIDE:0000561 ;NT=Strong cation-exchange chromatography (SCX)	AC=MS:1002038;NT=label free sample	1	NT=Orbitrap Fusion Lumos;AC=MS:1002732	NT=Trypsin;AC=MS:1001251	AC=MS:1002416; NT=Orbitrap Fusion	AC=PRIDE:0000563;NT=Reversed-phase chromatography	NT=Carbamidomethyl;AC=UNIMOD:4;TA=C;MT=Fixed	NT=Oxidation;AC=UNIMOD:35;MT=Variable;TA=M	not available	not available	not available	not available	erythrocyte
PXD029965-Sample-55	Homo sapiens	blood	3	erythrocyte	erythrocyte	not available	not available	not available	not available	Normal	no depletion	3	no aplicable	WaEL190923_JAK2_G_Wt3_SCX5_F33994	proteomic profiling by mass spectrometry	WaEL190923_JAK2_G_Wt3_SCX5_F33994.raw	https://www.ebi.ac.uk/pride/archive/projects/PXD029965/WaEL190923_JAK2_G_Wt3_SCX5_F33994.raw	5	AC=PRIDE:0000561 ;NT=Strong cation-exchange chromatography (SCX)	AC=MS:1002038;NT=label free sample	1	NT=Orbitrap Fusion Lumos;AC=MS:1002732	NT=Trypsin;AC=MS:1001251	AC=MS:1002416; NT=Orbitrap Fusion	AC=PRIDE:0000563;NT=Reversed-phase chromatography	NT=Carbamidomethyl;AC=UNIMOD:4;TA=C;MT=Fixed	NT=Oxidation;AC=UNIMOD:35;MT=Variable;TA=M	not available	not available	not available	not available	erythrocyte
PXD029965-Sample-56	Homo sapiens	blood	4	erythrocyte	erythrocyte	not available	not available	not available	not available	Normal	no depletion	4	no aplicable	WaEL190923_JAK2_G_Wt4_SCX1_F34080	proteomic profiling by mass spectrometry	WaEL190923_JAK2_G_Wt4_SCX1_F34080.raw	https://www.ebi.ac.uk/pride/archive/projects/PXD029965/WaEL190923_JAK2_G_Wt4_SCX1_F34080.raw	1	AC=PRIDE:0000561 ;NT=Strong cation-exchange chromatography (SCX)	AC=MS:1002038;NT=label free sample	1	NT=Orbitrap Fusion Lumos;AC=MS:1002732	NT=Trypsin;AC=MS:1001251	AC=MS:1002416; NT=Orbitrap Fusion	AC=PRIDE:0000563;NT=Reversed-phase chromatography	NT=Carbamidomethyl;AC=UNIMOD:4;TA=C;MT=Fixed	NT=Oxidation;AC=UNIMOD:35;MT=Variable;TA=M	not available	not available	not available	not available	erythrocyte
PXD029965-Sample-57	Homo sapiens	blood	4	erythrocyte	erythrocyte	not available	not available	not available	not available	Normal	no depletion	4	no aplicable	WaEL190923_JAK2_G_Wt4_SCX2_F34081	proteomic profiling by mass spectrometry	WaEL190923_JAK2_G_Wt4_SCX2_F34081.raw	https://www.ebi.ac.uk/pride/archive/projects/PXD029965/WaEL190923_JAK2_G_Wt4_SCX2_F34081.raw	2	AC=PRIDE:0000561 ;NT=Strong cation-exchange chromatography (SCX)	AC=MS:1002038;NT=label free sample	1	NT=Orbitrap Fusion Lumos;AC=MS:1002732	NT=Trypsin;AC=MS:1001251	AC=MS:1002416; NT=Orbitrap Fusion	AC=PRIDE:0000563;NT=Reversed-phase chromatography	NT=Carbamidomethyl;AC=UNIMOD:4;TA=C;MT=Fixed	NT=Oxidation;AC=UNIMOD:35;MT=Variable;TA=M	not available	not available	not available	not available	erythrocyte
PXD029965-Sample-58	Homo sapiens	blood	4	erythrocyte	erythrocyte	not available	not available	not available	not available	Normal	no depletion	4	no aplicable	WaEL190923_JAK2_G_Wt4_SCX3_F34082	proteomic profiling by mass spectrometry	WaEL190923_JAK2_G_Wt4_SCX3_F34082.raw	https://www.ebi.ac.uk/pride/archive/projects/PXD029965/WaEL190923_JAK2_G_Wt4_SCX3_F34082.raw	3	AC=PRIDE:0000561 ;NT=Strong cation-exchange chromatography (SCX)	AC=MS:1002038;NT=label free sample	1	NT=Orbitrap Fusion Lumos;AC=MS:1002732	NT=Trypsin;AC=MS:1001251	AC=MS:1002416; NT=Orbitrap Fusion	AC=PRIDE:0000563;NT=Reversed-phase chromatography	NT=Carbamidomethyl;AC=UNIMOD:4;TA=C;MT=Fixed	NT=Oxidation;AC=UNIMOD:35;MT=Variable;TA=M	not available	not available	not available	not available	erythrocyte
PXD029965-Sample-59	Homo sapiens	blood	4	erythrocyte	erythrocyte	not available	not available	not available	not available	Normal	no depletion	4	no aplicable	WaEL190923_JAK2_G_Wt4_SCX4_F34083	proteomic profiling by mass spectrometry	WaEL190923_JAK2_G_Wt4_SCX4_F34083.raw	https://www.ebi.ac.uk/pride/archive/projects/PXD029965/WaEL190923_JAK2_G_Wt4_SCX4_F34083.raw	4	AC=PRIDE:0000561 ;NT=Strong cation-exchange chromatography (SCX)	AC=MS:1002038;NT=label free sample	1	NT=Orbitrap Fusion Lumos;AC=MS:1002732	NT=Trypsin;AC=MS:1001251	AC=MS:1002416; NT=Orbitrap Fusion	AC=PRIDE:0000563;NT=Reversed-phase chromatography	NT=Carbamidomethyl;AC=UNIMOD:4;TA=C;MT=Fixed	NT=Oxidation;AC=UNIMOD:35;MT=Variable;TA=M	not available	not available	not available	not available	erythrocyte
PXD029965-Sample-60	Homo sapiens	blood	4	erythrocyte	erythrocyte	not available	not available	not available	not available	Normal	no depletion	4	no aplicable	WaEL190923_JAK2_G_Wt4_SCX5_F34084	proteomic profiling by mass spectrometry	WaEL190923_JAK2_G_Wt4_SCX5_F34084.raw	https://www.ebi.ac.uk/pride/archive/projects/PXD029965/WaEL190923_JAK2_G_Wt4_SCX5_F34084.raw	5	AC=PRIDE:0000561 ;NT=Strong cation-exchange chromatography (SCX)	AC=MS:1002038;NT=label free sample	1	NT=Orbitrap Fusion Lumos;AC=MS:1002732	NT=Trypsin;AC=MS:1001251	AC=MS:1002416; NT=Orbitrap Fusion	AC=PRIDE:0000563;NT=Reversed-phase chromatography	NT=Carbamidomethyl;AC=UNIMOD:4;TA=C;MT=Fixed	NT=Oxidation;AC=UNIMOD:35;MT=Variable;TA=M	not available	not available	not available	not available	erythrocyte
PXD029965-Sample-61	Homo sapiens	blood	1	erythrocyte	AC=CL:0000558; NT=reticulocyte	not available	not available	not available	not available	Essential Thrombocythemia	no depletion	1	no aplicable	WaEL190923_JAK2_RET_J1_SCX1_F34152	proteomic profiling by mass spectrometry	WaEL190923_JAK2_RET_J1_SCX1_F34152.raw	https://www.ebi.ac.uk/pride/archive/projects/PXD029965/WaEL190923_JAK2_RET_J1_SCX1_F34152.raw	1	AC=PRIDE:0000561 ;NT=Strong cation-exchange chromatography (SCX)	AC=MS:1002038;NT=label free sample	1	NT=Orbitrap Fusion Lumos;AC=MS:1002732	NT=Trypsin;AC=MS:1001251	AC=MS:1002416; NT=Orbitrap Fusion	AC=PRIDE:0000563;NT=Reversed-phase chromatography	NT=Carbamidomethyl;AC=UNIMOD:4;TA=C;MT=Fixed	NT=Oxidation;AC=UNIMOD:35;MT=Variable;TA=M	not available	not available	not available	not available	erythrocyte
PXD029965-Sample-62	Homo sapiens	blood	1	erythrocyte	AC=CL:0000558; NT=reticulocyte	not available	not available	not available	not available	Essential Thrombocythemia	no depletion	1	no aplicable	WaEL190923_JAK2_RET_J1_SCX2_F34153	proteomic profiling by mass spectrometry	WaEL190923_JAK2_RET_J1_SCX2_F34153.raw	https://www.ebi.ac.uk/pride/archive/projects/PXD029965/WaEL190923_JAK2_RET_J1_SCX2_F34153.raw	2	AC=PRIDE:0000561 ;NT=Strong cation-exchange chromatography (SCX)	AC=MS:1002038;NT=label free sample	1	NT=Orbitrap Fusion Lumos;AC=MS:1002732	NT=Trypsin;AC=MS:1001251	AC=MS:1002416; NT=Orbitrap Fusion	AC=PRIDE:0000563;NT=Reversed-phase chromatography	NT=Carbamidomethyl;AC=UNIMOD:4;TA=C;MT=Fixed	NT=Oxidation;AC=UNIMOD:35;MT=Variable;TA=M	not available	not available	not available	not available	erythrocyte
PXD029965-Sample-63	Homo sapiens	blood	1	erythrocyte	AC=CL:0000558; NT=reticulocyte	not available	not available	not available	not available	Essential Thrombocythemia	no depletion	1	no aplicable	WaEL190923_JAK2_RET_J1_SCX3_F34154	proteomic profiling by mass spectrometry	WaEL190923_JAK2_RET_J1_SCX3_F34154.raw	https://www.ebi.ac.uk/pride/archive/projects/PXD029965/WaEL190923_JAK2_RET_J1_SCX3_F34154.raw	3	AC=PRIDE:0000561 ;NT=Strong cation-exchange chromatography (SCX)	AC=MS:1002038;NT=label free sample	1	NT=Orbitrap Fusion Lumos;AC=MS:1002732	NT=Trypsin;AC=MS:1001251	AC=MS:1002416; NT=Orbitrap Fusion	AC=PRIDE:0000563;NT=Reversed-phase chromatography	NT=Carbamidomethyl;AC=UNIMOD:4;TA=C;MT=Fixed	NT=Oxidation;AC=UNIMOD:35;MT=Variable;TA=M	not available	not available	not available	not available	erythrocyte
PXD029965-Sample-64	Homo sapiens	blood	1	erythrocyte	AC=CL:0000558; NT=reticulocyte	not available	not available	not available	not available	Essential Thrombocythemia	no depletion	1	no aplicable	WaEL190923_JAK2_RET_J1_SCX4_F34155	proteomic profiling by mass spectrometry	WaEL190923_JAK2_RET_J1_SCX4_F34155.raw	https://www.ebi.ac.uk/pride/archive/projects/PXD029965/WaEL190923_JAK2_RET_J1_SCX4_F34155.raw	4	AC=PRIDE:0000561 ;NT=Strong cation-exchange chromatography (SCX)	AC=MS:1002038;NT=label free sample	1	NT=Orbitrap Fusion Lumos;AC=MS:1002732	NT=Trypsin;AC=MS:1001251	AC=MS:1002416; NT=Orbitrap Fusion	AC=PRIDE:0000563;NT=Reversed-phase chromatography	NT=Carbamidomethyl;AC=UNIMOD:4;TA=C;MT=Fixed	NT=Oxidation;AC=UNIMOD:35;MT=Variable;TA=M	not available	not available	not available	not available	erythrocyte
PXD029965-Sample-65	Homo sapiens	blood	1	erythrocyte	AC=CL:0000558; NT=reticulocyte	not available	not available	not available	not available	Essential Thrombocythemia	no depletion	1	no aplicable	WaEL190923_JAK2_RET_J1_SCX5_F34156	proteomic profiling by mass spectrometry	WaEL190923_JAK2_RET_J1_SCX5_F34156.raw	https://www.ebi.ac.uk/pride/archive/projects/PXD029965/WaEL190923_JAK2_RET_J1_SCX5_F34156.raw	5	AC=PRIDE:0000561 ;NT=Strong cation-exchange chromatography (SCX)	AC=MS:1002038;NT=label free sample	1	NT=Orbitrap Fusion Lumos;AC=MS:1002732	NT=Trypsin;AC=MS:1001251	AC=MS:1002416; NT=Orbitrap Fusion	AC=PRIDE:0000563;NT=Reversed-phase chromatography	NT=Carbamidomethyl;AC=UNIMOD:4;TA=C;MT=Fixed	NT=Oxidation;AC=UNIMOD:35;MT=Variable;TA=M	not available	not available	not available	not available	erythrocyte
PXD029965-Sample-66	Homo sapiens	blood	2	erythrocyte	AC=CL:0000558; NT=reticulocyte	not available	not available	not available	not available	Essential Thrombocythemia	no depletion	2	no aplicable	WaEL190923_JAK2_RET_J2_SCX1_F34158	proteomic profiling by mass spectrometry	WaEL190923_JAK2_RET_J2_SCX1_F34158.raw	https://www.ebi.ac.uk/pride/archive/projects/PXD029965/WaEL190923_JAK2_RET_J2_SCX1_F34158.raw	1	AC=PRIDE:0000561 ;NT=Strong cation-exchange chromatography (SCX)	AC=MS:1002038;NT=label free sample	1	NT=Orbitrap Fusion Lumos;AC=MS:1002732	NT=Trypsin;AC=MS:1001251	AC=MS:1002416; NT=Orbitrap Fusion	AC=PRIDE:0000563;NT=Reversed-phase chromatography	NT=Carbamidomethyl;AC=UNIMOD:4;TA=C;MT=Fixed	NT=Oxidation;AC=UNIMOD:35;MT=Variable;TA=M	not available	not available	not available	not available	erythrocyte
PXD029965-Sample-67	Homo sapiens	blood	2	erythrocyte	AC=CL:0000558; NT=reticulocyte	not available	not available	not available	not available	Essential Thrombocythemia	no depletion	2	no aplicable	WaEL190923_JAK2_RET_J2_SCX2_F34159	proteomic profiling by mass spectrometry	WaEL190923_JAK2_RET_J2_SCX2_F34159.raw	https://www.ebi.ac.uk/pride/archive/projects/PXD029965/WaEL190923_JAK2_RET_J2_SCX2_F34159.raw	2	AC=PRIDE:0000561 ;NT=Strong cation-exchange chromatography (SCX)	AC=MS:1002038;NT=label free sample	1	NT=Orbitrap Fusion Lumos;AC=MS:1002732	NT=Trypsin;AC=MS:1001251	AC=MS:1002416; NT=Orbitrap Fusion	AC=PRIDE:0000563;NT=Reversed-phase chromatography	NT=Carbamidomethyl;AC=UNIMOD:4;TA=C;MT=Fixed	NT=Oxidation;AC=UNIMOD:35;MT=Variable;TA=M	not available	not available	not available	not available	erythrocyte
PXD029965-Sample-68	Homo sapiens	blood	2	erythrocyte	AC=CL:0000558; NT=reticulocyte	not available	not available	not available	not available	Essential Thrombocythemia	no depletion	2	no aplicable	WaEL190923_JAK2_RET_J2_SCX3_F34160	proteomic profiling by mass spectrometry	WaEL190923_JAK2_RET_J2_SCX3_F34160.raw	https://www.ebi.ac.uk/pride/archive/projects/PXD029965/WaEL190923_JAK2_RET_J2_SCX3_F34160.raw	3	AC=PRIDE:0000561 ;NT=Strong cation-exchange chromatography (SCX)	AC=MS:1002038;NT=label free sample	1	NT=Orbitrap Fusion Lumos;AC=MS:1002732	NT=Trypsin;AC=MS:1001251	AC=MS:1002416; NT=Orbitrap Fusion	AC=PRIDE:0000563;NT=Reversed-phase chromatography	NT=Carbamidomethyl;AC=UNIMOD:4;TA=C;MT=Fixed	NT=Oxidation;AC=UNIMOD:35;MT=Variable;TA=M	not available	not available	not available	not available	erythrocyte
PXD029965-Sample-69	Homo sapiens	blood	2	erythrocyte	AC=CL:0000558; NT=reticulocyte	not available	not available	not available	not available	Essential Thrombocythemia	no depletion	2	no aplicable	WaEL190923_JAK2_RET_J2_SCX4_F34161	proteomic profiling by mass spectrometry	WaEL190923_JAK2_RET_J2_SCX4_F34161.raw	https://www.ebi.ac.uk/pride/archive/projects/PXD029965/WaEL190923_JAK2_RET_J2_SCX4_F34161.raw	4	AC=PRIDE:0000561 ;NT=Strong cation-exchange chromatography (SCX)	AC=MS:1002038;NT=label free sample	1	NT=Orbitrap Fusion Lumos;AC=MS:1002732	NT=Trypsin;AC=MS:1001251	AC=MS:1002416; NT=Orbitrap Fusion	AC=PRIDE:0000563;NT=Reversed-phase chromatography	NT=Carbamidomethyl;AC=UNIMOD:4;TA=C;MT=Fixed	NT=Oxidation;AC=UNIMOD:35;MT=Variable;TA=M	not available	not available	not available	not available	erythrocyte
PXD029965-Sample-70	Homo sapiens	blood	2	erythrocyte	AC=CL:0000558; NT=reticulocyte	not available	not available	not available	not available	Essential Thrombocythemia	no depletion	2	no aplicable	WaEL190923_JAK2_RET_J2_SCX5_F34162	proteomic profiling by mass spectrometry	WaEL190923_JAK2_RET_J2_SCX5_F34162.raw	https://www.ebi.ac.uk/pride/archive/projects/PXD029965/WaEL190923_JAK2_RET_J2_SCX5_F34162.raw	5	AC=PRIDE:0000561 ;NT=Strong cation-exchange chromatography (SCX)	AC=MS:1002038;NT=label free sample	1	NT=Orbitrap Fusion Lumos;AC=MS:1002732	NT=Trypsin;AC=MS:1001251	AC=MS:1002416; NT=Orbitrap Fusion	AC=PRIDE:0000563;NT=Reversed-phase chromatography	NT=Carbamidomethyl;AC=UNIMOD:4;TA=C;MT=Fixed	NT=Oxidation;AC=UNIMOD:35;MT=Variable;TA=M	not available	not available	not available	not available	erythrocyte
PXD029965-Sample-71	Homo sapiens	blood	3	erythrocyte	AC=CL:0000558; NT=reticulocyte	not available	not available	not available	not available	Essential Thrombocythemia	no depletion	3	no aplicable	WaEL190923_JAK2_RET_J3_SCX1_F34062	proteomic profiling by mass spectrometry	WaEL190923_JAK2_RET_J3_SCX1_F34062.raw	https://www.ebi.ac.uk/pride/archive/projects/PXD029965/WaEL190923_JAK2_RET_J3_SCX1_F34062.raw	1	AC=PRIDE:0000561 ;NT=Strong cation-exchange chromatography (SCX)	AC=MS:1002038;NT=label free sample	1	NT=Orbitrap Fusion Lumos;AC=MS:1002732	NT=Trypsin;AC=MS:1001251	AC=MS:1002416; NT=Orbitrap Fusion	AC=PRIDE:0000563;NT=Reversed-phase chromatography	NT=Carbamidomethyl;AC=UNIMOD:4;TA=C;MT=Fixed	NT=Oxidation;AC=UNIMOD:35;MT=Variable;TA=M	not available	not available	not available	not available	erythrocyte
PXD029965-Sample-72	Homo sapiens	blood	3	erythrocyte	AC=CL:0000558; NT=reticulocyte	not available	not available	not available	not available	Essential Thrombocythemia	no depletion	3	no aplicable	WaEL190923_JAK2_RET_J3_SCX2_F34063	proteomic profiling by mass spectrometry	WaEL190923_JAK2_RET_J3_SCX2_F34063.raw	https://www.ebi.ac.uk/pride/archive/projects/PXD029965/WaEL190923_JAK2_RET_J3_SCX2_F34063.raw	2	AC=PRIDE:0000561 ;NT=Strong cation-exchange chromatography (SCX)	AC=MS:1002038;NT=label free sample	1	NT=Orbitrap Fusion Lumos;AC=MS:1002732	NT=Trypsin;AC=MS:1001251	AC=MS:1002416; NT=Orbitrap Fusion	AC=PRIDE:0000563;NT=Reversed-phase chromatography	NT=Carbamidomethyl;AC=UNIMOD:4;TA=C;MT=Fixed	NT=Oxidation;AC=UNIMOD:35;MT=Variable;TA=M	not available	not available	not available	not available	erythrocyte
PXD029965-Sample-73	Homo sapiens	blood	3	erythrocyte	AC=CL:0000558; NT=reticulocyte	not available	not available	not available	not available	Essential Thrombocythemia	no depletion	3	no aplicable	WaEL190923_JAK2_RET_J3_SCX3_F34064	proteomic profiling by mass spectrometry	WaEL190923_JAK2_RET_J3_SCX3_F34064.raw	https://www.ebi.ac.uk/pride/archive/projects/PXD029965/WaEL190923_JAK2_RET_J3_SCX3_F34064.raw	3	AC=PRIDE:0000561 ;NT=Strong cation-exchange chromatography (SCX)	AC=MS:1002038;NT=label free sample	1	NT=Orbitrap Fusion Lumos;AC=MS:1002732	NT=Trypsin;AC=MS:1001251	AC=MS:1002416; NT=Orbitrap Fusion	AC=PRIDE:0000563;NT=Reversed-phase chromatography	NT=Carbamidomethyl;AC=UNIMOD:4;TA=C;MT=Fixed	NT=Oxidation;AC=UNIMOD:35;MT=Variable;TA=M	not available	not available	not available	not available	erythrocyte
PXD029965-Sample-74	Homo sapiens	blood	3	erythrocyte	AC=CL:0000558; NT=reticulocyte	not available	not available	not available	not available	Essential Thrombocythemia	no depletion	3	no aplicable	WaEL190923_JAK2_RET_J3_SCX4_F34065	proteomic profiling by mass spectrometry	WaEL190923_JAK2_RET_J3_SCX4_F34065.raw	https://www.ebi.ac.uk/pride/archive/projects/PXD029965/WaEL190923_JAK2_RET_J3_SCX4_F34065.raw	4	AC=PRIDE:0000561 ;NT=Strong cation-exchange chromatography (SCX)	AC=MS:1002038;NT=label free sample	1	NT=Orbitrap Fusion Lumos;AC=MS:1002732	NT=Trypsin;AC=MS:1001251	AC=MS:1002416; NT=Orbitrap Fusion	AC=PRIDE:0000563;NT=Reversed-phase chromatography	NT=Carbamidomethyl;AC=UNIMOD:4;TA=C;MT=Fixed	NT=Oxidation;AC=UNIMOD:35;MT=Variable;TA=M	not available	not available	not available	not available	erythrocyte
PXD029965-Sample-75	Homo sapiens	blood	3	erythrocyte	AC=CL:0000558; NT=reticulocyte	not available	not available	not available	not available	Essential Thrombocythemia	no depletion	3	no aplicable	WaEL190923_JAK2_RET_J3_SCX5_F34066	proteomic profiling by mass spectrometry	WaEL190923_JAK2_RET_J3_SCX5_F34066.raw	https://www.ebi.ac.uk/pride/archive/projects/PXD029965/WaEL190923_JAK2_RET_J3_SCX5_F34066.raw	5	AC=PRIDE:0000561 ;NT=Strong cation-exchange chromatography (SCX)	AC=MS:1002038;NT=label free sample	1	NT=Orbitrap Fusion Lumos;AC=MS:1002732	NT=Trypsin;AC=MS:1001251	AC=MS:1002416; NT=Orbitrap Fusion	AC=PRIDE:0000563;NT=Reversed-phase chromatography	NT=Carbamidomethyl;AC=UNIMOD:4;TA=C;MT=Fixed	NT=Oxidation;AC=UNIMOD:35;MT=Variable;TA=M	not available	not available	not available	not available	erythrocyte
PXD029965-Sample-76	Homo sapiens	blood	4	erythrocyte	AC=CL:0000558; NT=reticulocyte	not available	not available	not available	not available	Essential Thrombocythemia	no depletion	4	no aplicable	WaEL190923_JAK2_RET_J4_SCX1_F34056	proteomic profiling by mass spectrometry	WaEL190923_JAK2_RET_J4_SCX1_F34056.raw	https://www.ebi.ac.uk/pride/archive/projects/PXD029965/WaEL190923_JAK2_RET_J4_SCX1_F34056.raw	1	AC=PRIDE:0000561 ;NT=Strong cation-exchange chromatography (SCX)	AC=MS:1002038;NT=label free sample	1	NT=Orbitrap Fusion Lumos;AC=MS:1002732	NT=Trypsin;AC=MS:1001251	AC=MS:1002416; NT=Orbitrap Fusion	AC=PRIDE:0000563;NT=Reversed-phase chromatography	NT=Carbamidomethyl;AC=UNIMOD:4;TA=C;MT=Fixed	NT=Oxidation;AC=UNIMOD:35;MT=Variable;TA=M	not available	not available	not available	not available	erythrocyte
PXD029965-Sample-77	Homo sapiens	blood	4	erythrocyte	AC=CL:0000558; NT=reticulocyte	not available	not available	not available	not available	Essential Thrombocythemia	no depletion	4	no aplicable	WaEL190923_JAK2_RET_J4_SCX2_F34057	proteomic profiling by mass spectrometry	WaEL190923_JAK2_RET_J4_SCX2_F34057.raw	https://www.ebi.ac.uk/pride/archive/projects/PXD029965/WaEL190923_JAK2_RET_J4_SCX2_F34057.raw	2	AC=PRIDE:0000561 ;NT=Strong cation-exchange chromatography (SCX)	AC=MS:1002038;NT=label free sample	1	NT=Orbitrap Fusion Lumos;AC=MS:1002732	NT=Trypsin;AC=MS:1001251	AC=MS:1002416; NT=Orbitrap Fusion	AC=PRIDE:0000563;NT=Reversed-phase chromatography	NT=Carbamidomethyl;AC=UNIMOD:4;TA=C;MT=Fixed	NT=Oxidation;AC=UNIMOD:35;MT=Variable;TA=M	not available	not available	not available	not available	erythrocyte
PXD029965-Sample-78	Homo sapiens	blood	4	erythrocyte	AC=CL:0000558; NT=reticulocyte	not available	not available	not available	not available	Essential Thrombocythemia	no depletion	4	no aplicable	WaEL190923_JAK2_RET_J4_SCX3_F34058	proteomic profiling by mass spectrometry	WaEL190923_JAK2_RET_J4_SCX3_F34058.raw	https://www.ebi.ac.uk/pride/archive/projects/PXD029965/WaEL190923_JAK2_RET_J4_SCX3_F34058.raw	3	AC=PRIDE:0000561 ;NT=Strong cation-exchange chromatography (SCX)	AC=MS:1002038;NT=label free sample	1	NT=Orbitrap Fusion Lumos;AC=MS:1002732	NT=Trypsin;AC=MS:1001251	AC=MS:1002416; NT=Orbitrap Fusion	AC=PRIDE:0000563;NT=Reversed-phase chromatography	NT=Carbamidomethyl;AC=UNIMOD:4;TA=C;MT=Fixed	NT=Oxidation;AC=UNIMOD:35;MT=Variable;TA=M	not available	not available	not available	not available	erythrocyte
PXD029965-Sample-79	Homo sapiens	blood	4	erythrocyte	AC=CL:0000558; NT=reticulocyte	not available	not available	not available	not available	Essential Thrombocythemia	no depletion	4	no aplicable	WaEL190923_JAK2_RET_J4_SCX4_F34059	proteomic profiling by mass spectrometry	WaEL190923_JAK2_RET_J4_SCX4_F34059.raw	https://www.ebi.ac.uk/pride/archive/projects/PXD029965/WaEL190923_JAK2_RET_J4_SCX4_F34059.raw	4	AC=PRIDE:0000561 ;NT=Strong cation-exchange chromatography (SCX)	AC=MS:1002038;NT=label free sample	1	NT=Orbitrap Fusion Lumos;AC=MS:1002732	NT=Trypsin;AC=MS:1001251	AC=MS:1002416; NT=Orbitrap Fusion	AC=PRIDE:0000563;NT=Reversed-phase chromatography	NT=Carbamidomethyl;AC=UNIMOD:4;TA=C;MT=Fixed	NT=Oxidation;AC=UNIMOD:35;MT=Variable;TA=M	not available	not available	not available	not available	erythrocyte
PXD029965-Sample-80	Homo sapiens	blood	4	erythrocyte	AC=CL:0000558; NT=reticulocyte	not available	not available	not available	not available	Essential Thrombocythemia	no depletion	4	no aplicable	WaEL190923_JAK2_RET_J4_SCX5_F34060	proteomic profiling by mass spectrometry	WaEL190923_JAK2_RET_J4_SCX5_F34060.raw	https://www.ebi.ac.uk/pride/archive/projects/PXD029965/WaEL190923_JAK2_RET_J4_SCX5_F34060.raw	5	AC=PRIDE:0000561 ;NT=Strong cation-exchange chromatography (SCX)	AC=MS:1002038;NT=label free sample	1	NT=Orbitrap Fusion Lumos;AC=MS:1002732	NT=Trypsin;AC=MS:1001251	AC=MS:1002416; NT=Orbitrap Fusion	AC=PRIDE:0000563;NT=Reversed-phase chromatography	NT=Carbamidomethyl;AC=UNIMOD:4;TA=C;MT=Fixed	NT=Oxidation;AC=UNIMOD:35;MT=Variable;TA=M	not available	not available	not available	not available	erythrocyte
PXD029965-Sample-81	Homo sapiens	blood	1	erythrocyte	AC=CL:0000558; NT=reticulocyte	not available	not available	not available	not available	Polycythemia Vera	no depletion	1	no aplicable	WaEL190923_JAK2_RPV_J1_SCX1_F34140	proteomic profiling by mass spectrometry	WaEL190923_JAK2_RPV_J1_SCX1_F34140.raw	https://www.ebi.ac.uk/pride/archive/projects/PXD029965/WaEL190923_JAK2_RPV_J1_SCX1_F34140.raw	1	AC=PRIDE:0000561 ;NT=Strong cation-exchange chromatography (SCX)	AC=MS:1002038;NT=label free sample	1	NT=Orbitrap Fusion Lumos;AC=MS:1002732	NT=Trypsin;AC=MS:1001251	AC=MS:1002416; NT=Orbitrap Fusion	AC=PRIDE:0000563;NT=Reversed-phase chromatography	NT=Carbamidomethyl;AC=UNIMOD:4;TA=C;MT=Fixed	NT=Oxidation;AC=UNIMOD:35;MT=Variable;TA=M	not available	not available	not available	not available	erythrocyte
PXD029965-Sample-82	Homo sapiens	blood	1	erythrocyte	AC=CL:0000558; NT=reticulocyte	not available	not available	not available	not available	Polycythemia Vera	no depletion	1	no aplicable	WaEL190923_JAK2_RPV_J1_SCX2_F34141	proteomic profiling by mass spectrometry	WaEL190923_JAK2_RPV_J1_SCX2_F34141.raw	https://www.ebi.ac.uk/pride/archive/projects/PXD029965/WaEL190923_JAK2_RPV_J1_SCX2_F34141.raw	2	AC=PRIDE:0000561 ;NT=Strong cation-exchange chromatography (SCX)	AC=MS:1002038;NT=label free sample	1	NT=Orbitrap Fusion Lumos;AC=MS:1002732	NT=Trypsin;AC=MS:1001251	AC=MS:1002416; NT=Orbitrap Fusion	AC=PRIDE:0000563;NT=Reversed-phase chromatography	NT=Carbamidomethyl;AC=UNIMOD:4;TA=C;MT=Fixed	NT=Oxidation;AC=UNIMOD:35;MT=Variable;TA=M	not available	not available	not available	not available	erythrocyte
PXD029965-Sample-83	Homo sapiens	blood	1	erythrocyte	AC=CL:0000558; NT=reticulocyte	not available	not available	not available	not available	Polycythemia Vera	no depletion	1	no aplicable	WaEL190923_JAK2_RPV_J1_SCX3_F34142	proteomic profiling by mass spectrometry	WaEL190923_JAK2_RPV_J1_SCX3_F34142.raw	https://www.ebi.ac.uk/pride/archive/projects/PXD029965/WaEL190923_JAK2_RPV_J1_SCX3_F34142.raw	3	AC=PRIDE:0000561 ;NT=Strong cation-exchange chromatography (SCX)	AC=MS:1002038;NT=label free sample	1	NT=Orbitrap Fusion Lumos;AC=MS:1002732	NT=Trypsin;AC=MS:1001251	AC=MS:1002416; NT=Orbitrap Fusion	AC=PRIDE:0000563;NT=Reversed-phase chromatography	NT=Carbamidomethyl;AC=UNIMOD:4;TA=C;MT=Fixed	NT=Oxidation;AC=UNIMOD:35;MT=Variable;TA=M	not available	not available	not available	not available	erythrocyte
PXD029965-Sample-84	Homo sapiens	blood	1	erythrocyte	AC=CL:0000558; NT=reticulocyte	not available	not available	not available	not available	Polycythemia Vera	no depletion	1	no aplicable	WaEL190923_JAK2_RPV_J1_SCX4_F34143	proteomic profiling by mass spectrometry	WaEL190923_JAK2_RPV_J1_SCX4_F34143.raw	https://www.ebi.ac.uk/pride/archive/projects/PXD029965/WaEL190923_JAK2_RPV_J1_SCX4_F34143.raw	4	AC=PRIDE:0000561 ;NT=Strong cation-exchange chromatography (SCX)	AC=MS:1002038;NT=label free sample	1	NT=Orbitrap Fusion Lumos;AC=MS:1002732	NT=Trypsin;AC=MS:1001251	AC=MS:1002416; NT=Orbitrap Fusion	AC=PRIDE:0000563;NT=Reversed-phase chromatography	NT=Carbamidomethyl;AC=UNIMOD:4;TA=C;MT=Fixed	NT=Oxidation;AC=UNIMOD:35;MT=Variable;TA=M	not available	not available	not available	not available	erythrocyte
PXD029965-Sample-85	Homo sapiens	blood	1	erythrocyte	AC=CL:0000558; NT=reticulocyte	not available	not available	not available	not available	Polycythemia Vera	no depletion	1	no aplicable	WaEL190923_JAK2_RPV_J1_SCX5_F34144_191129151042	proteomic profiling by mass spectrometry	WaEL190923_JAK2_RPV_J1_SCX5_F34144_191129151042.raw	https://www.ebi.ac.uk/pride/archive/projects/PXD029965/WaEL190923_JAK2_RPV_J1_SCX5_F34144_191129151042.raw	5	AC=PRIDE:0000561 ;NT=Strong cation-exchange chromatography (SCX)	AC=MS:1002038;NT=label free sample	1	NT=Orbitrap Fusion Lumos;AC=MS:1002732	NT=Trypsin;AC=MS:1001251	AC=MS:1002416; NT=Orbitrap Fusion	AC=PRIDE:0000563;NT=Reversed-phase chromatography	NT=Carbamidomethyl;AC=UNIMOD:4;TA=C;MT=Fixed	NT=Oxidation;AC=UNIMOD:35;MT=Variable;TA=M	not available	not available	not available	not available	erythrocyte
PXD029965-Sample-86	Homo sapiens	blood	2	erythrocyte	AC=CL:0000558; NT=reticulocyte	not available	not available	not available	not available	Polycythemia Vera	no depletion	2	no aplicable	WaEL190923_JAK2_RPV_J2_SCX1_F34050	proteomic profiling by mass spectrometry	WaEL190923_JAK2_RPV_J2_SCX1_F34050.raw	https://www.ebi.ac.uk/pride/archive/projects/PXD029965/WaEL190923_JAK2_RPV_J2_SCX1_F34050.raw	1	AC=PRIDE:0000561 ;NT=Strong cation-exchange chromatography (SCX)	AC=MS:1002038;NT=label free sample	1	NT=Orbitrap Fusion Lumos;AC=MS:1002732	NT=Trypsin;AC=MS:1001251	AC=MS:1002416; NT=Orbitrap Fusion	AC=PRIDE:0000563;NT=Reversed-phase chromatography	NT=Carbamidomethyl;AC=UNIMOD:4;TA=C;MT=Fixed	NT=Oxidation;AC=UNIMOD:35;MT=Variable;TA=M	not available	not available	not available	not available	erythrocyte
PXD029965-Sample-87	Homo sapiens	blood	2	erythrocyte	AC=CL:0000558; NT=reticulocyte	not available	not available	not available	not available	Polycythemia Vera	no depletion	2	no aplicable	WaEL190923_JAK2_RPV_J2_SCX2_F34051	proteomic profiling by mass spectrometry	WaEL190923_JAK2_RPV_J2_SCX2_F34051.raw	https://www.ebi.ac.uk/pride/archive/projects/PXD029965/WaEL190923_JAK2_RPV_J2_SCX2_F34051.raw	2	AC=PRIDE:0000561 ;NT=Strong cation-exchange chromatography (SCX)	AC=MS:1002038;NT=label free sample	1	NT=Orbitrap Fusion Lumos;AC=MS:1002732	NT=Trypsin;AC=MS:1001251	AC=MS:1002416; NT=Orbitrap Fusion	AC=PRIDE:0000563;NT=Reversed-phase chromatography	NT=Carbamidomethyl;AC=UNIMOD:4;TA=C;MT=Fixed	NT=Oxidation;AC=UNIMOD:35;MT=Variable;TA=M	not available	not available	not available	not available	erythrocyte
PXD029965-Sample-88	Homo sapiens	blood	2	erythrocyte	AC=CL:0000558; NT=reticulocyte	not available	not available	not available	not available	Polycythemia Vera	no depletion	2	no aplicable	WaEL190923_JAK2_RPV_J2_SCX3_F34052	proteomic profiling by mass spectrometry	WaEL190923_JAK2_RPV_J2_SCX3_F34052.raw	https://www.ebi.ac.uk/pride/archive/projects/PXD029965/WaEL190923_JAK2_RPV_J2_SCX3_F34052.raw	3	AC=PRIDE:0000561 ;NT=Strong cation-exchange chromatography (SCX)	AC=MS:1002038;NT=label free sample	1	NT=Orbitrap Fusion Lumos;AC=MS:1002732	NT=Trypsin;AC=MS:1001251	AC=MS:1002416; NT=Orbitrap Fusion	AC=PRIDE:0000563;NT=Reversed-phase chromatography	NT=Carbamidomethyl;AC=UNIMOD:4;TA=C;MT=Fixed	NT=Oxidation;AC=UNIMOD:35;MT=Variable;TA=M	not available	not available	not available	not available	erythrocyte
PXD029965-Sample-89	Homo sapiens	blood	2	erythrocyte	AC=CL:0000558; NT=reticulocyte	not available	not available	not available	not available	Polycythemia Vera	no depletion	2	no aplicable	WaEL190923_JAK2_RPV_J2_SCX4_F34053	proteomic profiling by mass spectrometry	WaEL190923_JAK2_RPV_J2_SCX4_F34053.raw	https://www.ebi.ac.uk/pride/archive/projects/PXD029965/WaEL190923_JAK2_RPV_J2_SCX4_F34053.raw	4	AC=PRIDE:0000561 ;NT=Strong cation-exchange chromatography (SCX)	AC=MS:1002038;NT=label free sample	1	NT=Orbitrap Fusion Lumos;AC=MS:1002732	NT=Trypsin;AC=MS:1001251	AC=MS:1002416; NT=Orbitrap Fusion	AC=PRIDE:0000563;NT=Reversed-phase chromatography	NT=Carbamidomethyl;AC=UNIMOD:4;TA=C;MT=Fixed	NT=Oxidation;AC=UNIMOD:35;MT=Variable;TA=M	not available	not available	not available	not available	erythrocyte
PXD029965-Sample-90	Homo sapiens	blood	2	erythrocyte	AC=CL:0000558; NT=reticulocyte	not available	not available	not available	not available	Polycythemia Vera	no depletion	2	no aplicable	WaEL190923_JAK2_RPV_J2_SCX5_F34054	proteomic profiling by mass spectrometry	WaEL190923_JAK2_RPV_J2_SCX5_F34054.raw	https://www.ebi.ac.uk/pride/archive/projects/PXD029965/WaEL190923_JAK2_RPV_J2_SCX5_F34054.raw	5	AC=PRIDE:0000561 ;NT=Strong cation-exchange chromatography (SCX)	AC=MS:1002038;NT=label free sample	1	NT=Orbitrap Fusion Lumos;AC=MS:1002732	NT=Trypsin;AC=MS:1001251	AC=MS:1002416; NT=Orbitrap Fusion	AC=PRIDE:0000563;NT=Reversed-phase chromatography	NT=Carbamidomethyl;AC=UNIMOD:4;TA=C;MT=Fixed	NT=Oxidation;AC=UNIMOD:35;MT=Variable;TA=M	not available	not available	not available	not available	erythrocyte
PXD029965-Sample-91	Homo sapiens	blood	3	erythrocyte	AC=CL:0000558; NT=reticulocyte	not available	not available	not available	not available	Polycythemia Vera	no depletion	3	no aplicable	WaEL190923_JAK2_RPV_J3_SCX1_F34044	proteomic profiling by mass spectrometry	WaEL190923_JAK2_RPV_J3_SCX1_F34044.raw	https://www.ebi.ac.uk/pride/archive/projects/PXD029965/WaEL190923_JAK2_RPV_J3_SCX1_F34044.raw	1	AC=PRIDE:0000561 ;NT=Strong cation-exchange chromatography (SCX)	AC=MS:1002038;NT=label free sample	1	NT=Orbitrap Fusion Lumos;AC=MS:1002732	NT=Trypsin;AC=MS:1001251	AC=MS:1002416; NT=Orbitrap Fusion	AC=PRIDE:0000563;NT=Reversed-phase chromatography	NT=Carbamidomethyl;AC=UNIMOD:4;TA=C;MT=Fixed	NT=Oxidation;AC=UNIMOD:35;MT=Variable;TA=M	not available	not available	not available	not available	erythrocyte
PXD029965-Sample-92	Homo sapiens	blood	3	erythrocyte	AC=CL:0000558; NT=reticulocyte	not available	not available	not available	not available	Polycythemia Vera	no depletion	3	no aplicable	WaEL190923_JAK2_RPV_J3_SCX2_F34045	proteomic profiling by mass spectrometry	WaEL190923_JAK2_RPV_J3_SCX2_F34045.raw	https://www.ebi.ac.uk/pride/archive/projects/PXD029965/WaEL190923_JAK2_RPV_J3_SCX2_F34045.raw	2	AC=PRIDE:0000561 ;NT=Strong cation-exchange chromatography (SCX)	AC=MS:1002038;NT=label free sample	1	NT=Orbitrap Fusion Lumos;AC=MS:1002732	NT=Trypsin;AC=MS:1001251	AC=MS:1002416; NT=Orbitrap Fusion	AC=PRIDE:0000563;NT=Reversed-phase chromatography	NT=Carbamidomethyl;AC=UNIMOD:4;TA=C;MT=Fixed	NT=Oxidation;AC=UNIMOD:35;MT=Variable;TA=M	not available	not available	not available	not available	erythrocyte
PXD029965-Sample-93	Homo sapiens	blood	3	erythrocyte	AC=CL:0000558; NT=reticulocyte	not available	not available	not available	not available	Polycythemia Vera	no depletion	3	no aplicable	WaEL190923_JAK2_RPV_J3_SCX3_F34046	proteomic profiling by mass spectrometry	WaEL190923_JAK2_RPV_J3_SCX3_F34046.raw	https://www.ebi.ac.uk/pride/archive/projects/PXD029965/WaEL190923_JAK2_RPV_J3_SCX3_F34046.raw	3	AC=PRIDE:0000561 ;NT=Strong cation-exchange chromatography (SCX)	AC=MS:1002038;NT=label free sample	1	NT=Orbitrap Fusion Lumos;AC=MS:1002732	NT=Trypsin;AC=MS:1001251	AC=MS:1002416; NT=Orbitrap Fusion	AC=PRIDE:0000563;NT=Reversed-phase chromatography	NT=Carbamidomethyl;AC=UNIMOD:4;TA=C;MT=Fixed	NT=Oxidation;AC=UNIMOD:35;MT=Variable;TA=M	not available	not available	not available	not available	erythrocyte
PXD029965-Sample-94	Homo sapiens	blood	3	erythrocyte	AC=CL:0000558; NT=reticulocyte	not available	not available	not available	not available	Polycythemia Vera	no depletion	3	no aplicable	WaEL190923_JAK2_RPV_J3_SCX4_F34047_191123214142	proteomic profiling by mass spectrometry	WaEL190923_JAK2_RPV_J3_SCX4_F34047_191123214142.raw	https://www.ebi.ac.uk/pride/archive/projects/PXD029965/WaEL190923_JAK2_RPV_J3_SCX4_F34047_191123214142.raw	4	AC=PRIDE:0000561 ;NT=Strong cation-exchange chromatography (SCX)	AC=MS:1002038;NT=label free sample	1	NT=Orbitrap Fusion Lumos;AC=MS:1002732	NT=Trypsin;AC=MS:1001251	AC=MS:1002416; NT=Orbitrap Fusion	AC=PRIDE:0000563;NT=Reversed-phase chromatography	NT=Carbamidomethyl;AC=UNIMOD:4;TA=C;MT=Fixed	NT=Oxidation;AC=UNIMOD:35;MT=Variable;TA=M	not available	not available	not available	not available	erythrocyte
PXD029965-Sample-95	Homo sapiens	blood	3	erythrocyte	AC=CL:0000558; NT=reticulocyte	not available	not available	not available	not available	Polycythemia Vera	no depletion	3	no aplicable	WaEL190923_JAK2_RPV_J3_SCX5_F34048_191124003626	proteomic profiling by mass spectrometry	WaEL190923_JAK2_RPV_J3_SCX5_F34048_191124003626.raw	https://www.ebi.ac.uk/pride/archive/projects/PXD029965/WaEL190923_JAK2_RPV_J3_SCX5_F34048_191124003626.raw	5	AC=PRIDE:0000561 ;NT=Strong cation-exchange chromatography (SCX)	AC=MS:1002038;NT=label free sample	1	NT=Orbitrap Fusion Lumos;AC=MS:1002732	NT=Trypsin;AC=MS:1001251	AC=MS:1002416; NT=Orbitrap Fusion	AC=PRIDE:0000563;NT=Reversed-phase chromatography	NT=Carbamidomethyl;AC=UNIMOD:4;TA=C;MT=Fixed	NT=Oxidation;AC=UNIMOD:35;MT=Variable;TA=M	not available	not available	not available	not available	erythrocyte
PXD029965-Sample-96	Homo sapiens	blood	4	erythrocyte	AC=CL:0000558; NT=reticulocyte	not available	not available	not available	not available	Polycythemia Vera	no depletion	4	no aplicable	WaEL190923_JAK2_RPV_J4_SCX1_F34146	proteomic profiling by mass spectrometry	WaEL190923_JAK2_RPV_J4_SCX1_F34146.raw	https://www.ebi.ac.uk/pride/archive/projects/PXD029965/WaEL190923_JAK2_RPV_J4_SCX1_F34146.raw	1	AC=PRIDE:0000561 ;NT=Strong cation-exchange chromatography (SCX)	AC=MS:1002038;NT=label free sample	1	NT=Orbitrap Fusion Lumos;AC=MS:1002732	NT=Trypsin;AC=MS:1001251	AC=MS:1002416; NT=Orbitrap Fusion	AC=PRIDE:0000563;NT=Reversed-phase chromatography	NT=Carbamidomethyl;AC=UNIMOD:4;TA=C;MT=Fixed	NT=Oxidation;AC=UNIMOD:35;MT=Variable;TA=M	not available	not available	not available	not available	erythrocyte
PXD029965-Sample-97	Homo sapiens	blood	4	erythrocyte	AC=CL:0000558; NT=reticulocyte	not available	not available	not available	not available	Polycythemia Vera	no depletion	4	no aplicable	WaEL190923_JAK2_RPV_J4_SCX2_F34147	proteomic profiling by mass spectrometry	WaEL190923_JAK2_RPV_J4_SCX2_F34147.raw	https://www.ebi.ac.uk/pride/archive/projects/PXD029965/WaEL190923_JAK2_RPV_J4_SCX2_F34147.raw	2	AC=PRIDE:0000561 ;NT=Strong cation-exchange chromatography (SCX)	AC=MS:1002038;NT=label free sample	1	NT=Orbitrap Fusion Lumos;AC=MS:1002732	NT=Trypsin;AC=MS:1001251	AC=MS:1002416; NT=Orbitrap Fusion	AC=PRIDE:0000563;NT=Reversed-phase chromatography	NT=Carbamidomethyl;AC=UNIMOD:4;TA=C;MT=Fixed	NT=Oxidation;AC=UNIMOD:35;MT=Variable;TA=M	not available	not available	not available	not available	erythrocyte
PXD029965-Sample-98	Homo sapiens	blood	4	erythrocyte	AC=CL:0000558; NT=reticulocyte	not available	not available	not available	not available	Polycythemia Vera	no depletion	4	no aplicable	WaEL190923_JAK2_RPV_J4_SCX3_F34148	proteomic profiling by mass spectrometry	WaEL190923_JAK2_RPV_J4_SCX3_F34148.raw	https://www.ebi.ac.uk/pride/archive/projects/PXD029965/WaEL190923_JAK2_RPV_J4_SCX3_F34148.raw	3	AC=PRIDE:0000561 ;NT=Strong cation-exchange chromatography (SCX)	AC=MS:1002038;NT=label free sample	1	NT=Orbitrap Fusion Lumos;AC=MS:1002732	NT=Trypsin;AC=MS:1001251	AC=MS:1002416; NT=Orbitrap Fusion	AC=PRIDE:0000563;NT=Reversed-phase chromatography	NT=Carbamidomethyl;AC=UNIMOD:4;TA=C;MT=Fixed	NT=Oxidation;AC=UNIMOD:35;MT=Variable;TA=M	not available	not available	not available	not available	erythrocyte
PXD029965-Sample-99	Homo sapiens	blood	4	erythrocyte	AC=CL:0000558; NT=reticulocyte	not available	not available	not available	not available	Polycythemia Vera	no depletion	4	no aplicable	WaEL190923_JAK2_RPV_J4_SCX4_F34149	proteomic profiling by mass spectrometry	WaEL190923_JAK2_RPV_J4_SCX4_F34149.raw	https://www.ebi.ac.uk/pride/archive/projects/PXD029965/WaEL190923_JAK2_RPV_J4_SCX4_F34149.raw	4	AC=PRIDE:0000561 ;NT=Strong cation-exchange chromatography (SCX)	AC=MS:1002038;NT=label free sample	1	NT=Orbitrap Fusion Lumos;AC=MS:1002732	NT=Trypsin;AC=MS:1001251	AC=MS:1002416; NT=Orbitrap Fusion	AC=PRIDE:0000563;NT=Reversed-phase chromatography	NT=Carbamidomethyl;AC=UNIMOD:4;TA=C;MT=Fixed	NT=Oxidation;AC=UNIMOD:35;MT=Variable;TA=M	not available	not available	not available	not available	erythrocyte
PXD029965-Sample-100	Homo sapiens	blood	4	erythrocyte	AC=CL:0000558; NT=reticulocyte	not available	not available	not available	not available	Polycythemia Vera	no depletion	4	no aplicable	WaEL190923_JAK2_RPV_J4_SCX5_F34150	proteomic profiling by mass spectrometry	WaEL190923_JAK2_RPV_J4_SCX5_F34150.raw	https://www.ebi.ac.uk/pride/archive/projects/PXD029965/WaEL190923_JAK2_RPV_J4_SCX5_F34150.raw	5	AC=PRIDE:0000561 ;NT=Strong cation-exchange chromatography (SCX)	AC=MS:1002038;NT=label free sample	1	NT=Orbitrap Fusion Lumos;AC=MS:1002732	NT=Trypsin;AC=MS:1001251	AC=MS:1002416; NT=Orbitrap Fusion	AC=PRIDE:0000563;NT=Reversed-phase chromatography	NT=Carbamidomethyl;AC=UNIMOD:4;TA=C;MT=Fixed	NT=Oxidation;AC=UNIMOD:35;MT=Variable;TA=M	not available	not available	not available	not available	erythrocyte
PXD029965-Sample-101	Homo sapiens	blood	1	erythrocyte	AC=CL:0000558; NT=reticulocyte	not available	not available	not available	not available	Normal	no depletion	1	no aplicable	WaEL190923_JAK2_R_Wt1_SCX1_F34038	proteomic profiling by mass spectrometry	WaEL190923_JAK2_R_Wt1_SCX1_F34038.raw	https://www.ebi.ac.uk/pride/archive/projects/PXD029965/WaEL190923_JAK2_R_Wt1_SCX1_F34038.raw	1	AC=PRIDE:0000561 ;NT=Strong cation-exchange chromatography (SCX)	AC=MS:1002038;NT=label free sample	1	NT=Orbitrap Fusion Lumos;AC=MS:1002732	NT=Trypsin;AC=MS:1001251	AC=MS:1002416; NT=Orbitrap Fusion	AC=PRIDE:0000563;NT=Reversed-phase chromatography	NT=Carbamidomethyl;AC=UNIMOD:4;TA=C;MT=Fixed	NT=Oxidation;AC=UNIMOD:35;MT=Variable;TA=M	not available	not available	not available	not available	erythrocyte
PXD029965-Sample-102	Homo sapiens	blood	1	erythrocyte	AC=CL:0000558; NT=reticulocyte	not available	not available	not available	not available	Normal	no depletion	1	no aplicable	WaEL190923_JAK2_R_Wt1_SCX2_F34039	proteomic profiling by mass spectrometry	WaEL190923_JAK2_R_Wt1_SCX2_F34039.raw	https://www.ebi.ac.uk/pride/archive/projects/PXD029965/WaEL190923_JAK2_R_Wt1_SCX2_F34039.raw	2	AC=PRIDE:0000561 ;NT=Strong cation-exchange chromatography (SCX)	AC=MS:1002038;NT=label free sample	1	NT=Orbitrap Fusion Lumos;AC=MS:1002732	NT=Trypsin;AC=MS:1001251	AC=MS:1002416; NT=Orbitrap Fusion	AC=PRIDE:0000563;NT=Reversed-phase chromatography	NT=Carbamidomethyl;AC=UNIMOD:4;TA=C;MT=Fixed	NT=Oxidation;AC=UNIMOD:35;MT=Variable;TA=M	not available	not available	not available	not available	erythrocyte
PXD029965-Sample-103	Homo sapiens	blood	1	erythrocyte	AC=CL:0000558; NT=reticulocyte	not available	not available	not available	not available	Normal	no depletion	1	no aplicable	WaEL190923_JAK2_R_Wt1_SCX3_F34040	proteomic profiling by mass spectrometry	WaEL190923_JAK2_R_Wt1_SCX3_F34040.raw	https://www.ebi.ac.uk/pride/archive/projects/PXD029965/WaEL190923_JAK2_R_Wt1_SCX3_F34040.raw	3	AC=PRIDE:0000561 ;NT=Strong cation-exchange chromatography (SCX)	AC=MS:1002038;NT=label free sample	1	NT=Orbitrap Fusion Lumos;AC=MS:1002732	NT=Trypsin;AC=MS:1001251	AC=MS:1002416; NT=Orbitrap Fusion	AC=PRIDE:0000563;NT=Reversed-phase chromatography	NT=Carbamidomethyl;AC=UNIMOD:4;TA=C;MT=Fixed	NT=Oxidation;AC=UNIMOD:35;MT=Variable;TA=M	not available	not available	not available	not available	erythrocyte
PXD029965-Sample-104	Homo sapiens	blood	1	erythrocyte	AC=CL:0000558; NT=reticulocyte	not available	not available	not available	not available	Normal	no depletion	1	no aplicable	WaEL190923_JAK2_R_Wt1_SCX4_F34041	proteomic profiling by mass spectrometry	WaEL190923_JAK2_R_Wt1_SCX4_F34041.raw	https://www.ebi.ac.uk/pride/archive/projects/PXD029965/WaEL190923_JAK2_R_Wt1_SCX4_F34041.raw	4	AC=PRIDE:0000561 ;NT=Strong cation-exchange chromatography (SCX)	AC=MS:1002038;NT=label free sample	1	NT=Orbitrap Fusion Lumos;AC=MS:1002732	NT=Trypsin;AC=MS:1001251	AC=MS:1002416; NT=Orbitrap Fusion	AC=PRIDE:0000563;NT=Reversed-phase chromatography	NT=Carbamidomethyl;AC=UNIMOD:4;TA=C;MT=Fixed	NT=Oxidation;AC=UNIMOD:35;MT=Variable;TA=M	not available	not available	not available	not available	erythrocyte
PXD029965-Sample-105	Homo sapiens	blood	1	erythrocyte	AC=CL:0000558; NT=reticulocyte	not available	not available	not available	not available	Normal	no depletion	1	no aplicable	WaEL190923_JAK2_R_Wt1_SCX5_F34042	proteomic profiling by mass spectrometry	WaEL190923_JAK2_R_Wt1_SCX5_F34042.raw	https://www.ebi.ac.uk/pride/archive/projects/PXD029965/WaEL190923_JAK2_R_Wt1_SCX5_F34042.raw	5	AC=PRIDE:0000561 ;NT=Strong cation-exchange chromatography (SCX)	AC=MS:1002038;NT=label free sample	1	NT=Orbitrap Fusion Lumos;AC=MS:1002732	NT=Trypsin;AC=MS:1001251	AC=MS:1002416; NT=Orbitrap Fusion	AC=PRIDE:0000563;NT=Reversed-phase chromatography	NT=Carbamidomethyl;AC=UNIMOD:4;TA=C;MT=Fixed	NT=Oxidation;AC=UNIMOD:35;MT=Variable;TA=M	not available	not available	not available	not available	erythrocyte
PXD029965-Sample-106	Homo sapiens	blood	2	erythrocyte	AC=CL:0000558; NT=reticulocyte	not available	not available	not available	not available	Normal	no depletion	2	no aplicable	WaEL190923_JAK2_R_Wt2_SCX1_F34128	proteomic profiling by mass spectrometry	WaEL190923_JAK2_R_Wt2_SCX1_F34128.raw	https://www.ebi.ac.uk/pride/archive/projects/PXD029965/WaEL190923_JAK2_R_Wt2_SCX1_F34128.raw	1	AC=PRIDE:0000561 ;NT=Strong cation-exchange chromatography (SCX)	AC=MS:1002038;NT=label free sample	1	NT=Orbitrap Fusion Lumos;AC=MS:1002732	NT=Trypsin;AC=MS:1001251	AC=MS:1002416; NT=Orbitrap Fusion	AC=PRIDE:0000563;NT=Reversed-phase chromatography	NT=Carbamidomethyl;AC=UNIMOD:4;TA=C;MT=Fixed	NT=Oxidation;AC=UNIMOD:35;MT=Variable;TA=M	not available	not available	not available	not available	erythrocyte
PXD029965-Sample-107	Homo sapiens	blood	2	erythrocyte	AC=CL:0000558; NT=reticulocyte	not available	not available	not available	not available	Normal	no depletion	2	no aplicable	WaEL190923_JAK2_R_Wt2_SCX2_F34129	proteomic profiling by mass spectrometry	WaEL190923_JAK2_R_Wt2_SCX2_F34129.raw	https://www.ebi.ac.uk/pride/archive/projects/PXD029965/WaEL190923_JAK2_R_Wt2_SCX2_F34129.raw	2	AC=PRIDE:0000561 ;NT=Strong cation-exchange chromatography (SCX)	AC=MS:1002038;NT=label free sample	1	NT=Orbitrap Fusion Lumos;AC=MS:1002732	NT=Trypsin;AC=MS:1001251	AC=MS:1002416; NT=Orbitrap Fusion	AC=PRIDE:0000563;NT=Reversed-phase chromatography	NT=Carbamidomethyl;AC=UNIMOD:4;TA=C;MT=Fixed	NT=Oxidation;AC=UNIMOD:35;MT=Variable;TA=M	not available	not available	not available	not available	erythrocyte
PXD029965-Sample-108	Homo sapiens	blood	2	erythrocyte	AC=CL:0000558; NT=reticulocyte	not available	not available	not available	not available	Normal	no depletion	2	no aplicable	WaEL190923_JAK2_R_Wt2_SCX3_F34130	proteomic profiling by mass spectrometry	WaEL190923_JAK2_R_Wt2_SCX3_F34130.raw	https://www.ebi.ac.uk/pride/archive/projects/PXD029965/WaEL190923_JAK2_R_Wt2_SCX3_F34130.raw	3	AC=PRIDE:0000561 ;NT=Strong cation-exchange chromatography (SCX)	AC=MS:1002038;NT=label free sample	1	NT=Orbitrap Fusion Lumos;AC=MS:1002732	NT=Trypsin;AC=MS:1001251	AC=MS:1002416; NT=Orbitrap Fusion	AC=PRIDE:0000563;NT=Reversed-phase chromatography	NT=Carbamidomethyl;AC=UNIMOD:4;TA=C;MT=Fixed	NT=Oxidation;AC=UNIMOD:35;MT=Variable;TA=M	not available	not available	not available	not available	erythrocyte
PXD029965-Sample-109	Homo sapiens	blood	2	erythrocyte	AC=CL:0000558; NT=reticulocyte	not available	not available	not available	not available	Normal	no depletion	2	no aplicable	WaEL190923_JAK2_R_Wt2_SCX4_F34131	proteomic profiling by mass spectrometry	WaEL190923_JAK2_R_Wt2_SCX4_F34131.raw	https://www.ebi.ac.uk/pride/archive/projects/PXD029965/WaEL190923_JAK2_R_Wt2_SCX4_F34131.raw	4	AC=PRIDE:0000561 ;NT=Strong cation-exchange chromatography (SCX)	AC=MS:1002038;NT=label free sample	1	NT=Orbitrap Fusion Lumos;AC=MS:1002732	NT=Trypsin;AC=MS:1001251	AC=MS:1002416; NT=Orbitrap Fusion	AC=PRIDE:0000563;NT=Reversed-phase chromatography	NT=Carbamidomethyl;AC=UNIMOD:4;TA=C;MT=Fixed	NT=Oxidation;AC=UNIMOD:35;MT=Variable;TA=M	not available	not available	not available	not available	erythrocyte
PXD029965-Sample-110	Homo sapiens	blood	2	erythrocyte	AC=CL:0000558; NT=reticulocyte	not available	not available	not available	not available	Normal	no depletion	2	no aplicable	WaEL190923_JAK2_R_Wt2_SCX5_F34132	proteomic profiling by mass spectrometry	WaEL190923_JAK2_R_Wt2_SCX5_F34132.raw	https://www.ebi.ac.uk/pride/archive/projects/PXD029965/WaEL190923_JAK2_R_Wt2_SCX5_F34132.raw	5	AC=PRIDE:0000561 ;NT=Strong cation-exchange chromatography (SCX)	AC=MS:1002038;NT=label free sample	1	NT=Orbitrap Fusion Lumos;AC=MS:1002732	NT=Trypsin;AC=MS:1001251	AC=MS:1002416; NT=Orbitrap Fusion	AC=PRIDE:0000563;NT=Reversed-phase chromatography	NT=Carbamidomethyl;AC=UNIMOD:4;TA=C;MT=Fixed	NT=Oxidation;AC=UNIMOD:35;MT=Variable;TA=M	not available	not available	not available	not available	erythrocyte
PXD029965-Sample-111	Homo sapiens	blood	3	erythrocyte	AC=CL:0000558; NT=reticulocyte	not available	not available	not available	not available	Normal	no depletion	3	no aplicable	WaEL190923_JAK2_R_Wt3_SCX1_F34134	proteomic profiling by mass spectrometry	WaEL190923_JAK2_R_Wt3_SCX1_F34134.raw	https://www.ebi.ac.uk/pride/archive/projects/PXD029965/WaEL190923_JAK2_R_Wt3_SCX1_F34134.raw	1	AC=PRIDE:0000561 ;NT=Strong cation-exchange chromatography (SCX)	AC=MS:1002038;NT=label free sample	1	NT=Orbitrap Fusion Lumos;AC=MS:1002732	NT=Trypsin;AC=MS:1001251	AC=MS:1002416; NT=Orbitrap Fusion	AC=PRIDE:0000563;NT=Reversed-phase chromatography	NT=Carbamidomethyl;AC=UNIMOD:4;TA=C;MT=Fixed	NT=Oxidation;AC=UNIMOD:35;MT=Variable;TA=M	not available	not available	not available	not available	erythrocyte
PXD029965-Sample-112	Homo sapiens	blood	3	erythrocyte	AC=CL:0000558; NT=reticulocyte	not available	not available	not available	not available	Normal	no depletion	3	no aplicable	WaEL190923_JAK2_R_Wt3_SCX2_F34135	proteomic profiling by mass spectrometry	WaEL190923_JAK2_R_Wt3_SCX2_F34135.raw	https://www.ebi.ac.uk/pride/archive/projects/PXD029965/WaEL190923_JAK2_R_Wt3_SCX2_F34135.raw	2	AC=PRIDE:0000561 ;NT=Strong cation-exchange chromatography (SCX)	AC=MS:1002038;NT=label free sample	1	NT=Orbitrap Fusion Lumos;AC=MS:1002732	NT=Trypsin;AC=MS:1001251	AC=MS:1002416; NT=Orbitrap Fusion	AC=PRIDE:0000563;NT=Reversed-phase chromatography	NT=Carbamidomethyl;AC=UNIMOD:4;TA=C;MT=Fixed	NT=Oxidation;AC=UNIMOD:35;MT=Variable;TA=M	not available	not available	not available	not available	erythrocyte
PXD029965-Sample-113	Homo sapiens	blood	3	erythrocyte	AC=CL:0000558; NT=reticulocyte	not available	not available	not available	not available	Normal	no depletion	3	no aplicable	WaEL190923_JAK2_R_Wt3_SCX3_F34136	proteomic profiling by mass spectrometry	WaEL190923_JAK2_R_Wt3_SCX3_F34136.raw	https://www.ebi.ac.uk/pride/archive/projects/PXD029965/WaEL190923_JAK2_R_Wt3_SCX3_F34136.raw	3	AC=PRIDE:0000561 ;NT=Strong cation-exchange chromatography (SCX)	AC=MS:1002038;NT=label free sample	1	NT=Orbitrap Fusion Lumos;AC=MS:1002732	NT=Trypsin;AC=MS:1001251	AC=MS:1002416; NT=Orbitrap Fusion	AC=PRIDE:0000563;NT=Reversed-phase chromatography	NT=Carbamidomethyl;AC=UNIMOD:4;TA=C;MT=Fixed	NT=Oxidation;AC=UNIMOD:35;MT=Variable;TA=M	not available	not available	not available	not available	erythrocyte
PXD029965-Sample-114	Homo sapiens	blood	3	erythrocyte	AC=CL:0000558; NT=reticulocyte	not available	not available	not available	not available	Normal	no depletion	3	no aplicable	WaEL190923_JAK2_R_Wt3_SCX4_F34137	proteomic profiling by mass spectrometry	WaEL190923_JAK2_R_Wt3_SCX4_F34137.raw	https://www.ebi.ac.uk/pride/archive/projects/PXD029965/WaEL190923_JAK2_R_Wt3_SCX4_F34137.raw	4	AC=PRIDE:0000561 ;NT=Strong cation-exchange chromatography (SCX)	AC=MS:1002038;NT=label free sample	1	NT=Orbitrap Fusion Lumos;AC=MS:1002732	NT=Trypsin;AC=MS:1001251	AC=MS:1002416; NT=Orbitrap Fusion	AC=PRIDE:0000563;NT=Reversed-phase chromatography	NT=Carbamidomethyl;AC=UNIMOD:4;TA=C;MT=Fixed	NT=Oxidation;AC=UNIMOD:35;MT=Variable;TA=M	not available	not available	not available	not available	erythrocyte
PXD029965-Sample-115	Homo sapiens	blood	3	erythrocyte	AC=CL:0000558; NT=reticulocyte	not available	not available	not available	not available	Normal	no depletion	3	no aplicable	WaEL190923_JAK2_R_Wt3_SCX5_F34138	proteomic profiling by mass spectrometry	WaEL190923_JAK2_R_Wt3_SCX5_F34138.raw	https://www.ebi.ac.uk/pride/archive/projects/PXD029965/WaEL190923_JAK2_R_Wt3_SCX5_F34138.raw	5	AC=PRIDE:0000561 ;NT=Strong cation-exchange chromatography (SCX)	AC=MS:1002038;NT=label free sample	1	NT=Orbitrap Fusion Lumos;AC=MS:1002732	NT=Trypsin;AC=MS:1001251	AC=MS:1002416; NT=Orbitrap Fusion	AC=PRIDE:0000563;NT=Reversed-phase chromatography	NT=Carbamidomethyl;AC=UNIMOD:4;TA=C;MT=Fixed	NT=Oxidation;AC=UNIMOD:35;MT=Variable;TA=M	not available	not available	not available	not available	erythrocyte
PXD029965-Sample-116	Homo sapiens	blood	4	erythrocyte	AC=CL:0000558; NT=reticulocyte	not available	not available	not available	not available	Normal	no depletion	4	no aplicable	WaEL190923_JAK2_R_Wt4_SCX1_F34032	proteomic profiling by mass spectrometry	WaEL190923_JAK2_R_Wt4_SCX1_F34032.raw	https://www.ebi.ac.uk/pride/archive/projects/PXD029965/WaEL190923_JAK2_R_Wt4_SCX1_F34032.raw	1	AC=PRIDE:0000561 ;NT=Strong cation-exchange chromatography (SCX)	AC=MS:1002038;NT=label free sample	1	NT=Orbitrap Fusion Lumos;AC=MS:1002732	NT=Trypsin;AC=MS:1001251	AC=MS:1002416; NT=Orbitrap Fusion	AC=PRIDE:0000563;NT=Reversed-phase chromatography	NT=Carbamidomethyl;AC=UNIMOD:4;TA=C;MT=Fixed	NT=Oxidation;AC=UNIMOD:35;MT=Variable;TA=M	not available	not available	not available	not available	erythrocyte
PXD029965-Sample-117	Homo sapiens	blood	4	erythrocyte	AC=CL:0000558; NT=reticulocyte	not available	not available	not available	not available	Normal	no depletion	4	no aplicable	WaEL190923_JAK2_R_Wt4_SCX2_F34033	proteomic profiling by mass spectrometry	WaEL190923_JAK2_R_Wt4_SCX2_F34033.raw	https://www.ebi.ac.uk/pride/archive/projects/PXD029965/WaEL190923_JAK2_R_Wt4_SCX2_F34033.raw	2	AC=PRIDE:0000561 ;NT=Strong cation-exchange chromatography (SCX)	AC=MS:1002038;NT=label free sample	1	NT=Orbitrap Fusion Lumos;AC=MS:1002732	NT=Trypsin;AC=MS:1001251	AC=MS:1002416; NT=Orbitrap Fusion	AC=PRIDE:0000563;NT=Reversed-phase chromatography	NT=Carbamidomethyl;AC=UNIMOD:4;TA=C;MT=Fixed	NT=Oxidation;AC=UNIMOD:35;MT=Variable;TA=M	not available	not available	not available	not available	erythrocyte
PXD029965-Sample-118	Homo sapiens	blood	4	erythrocyte	AC=CL:0000558; NT=reticulocyte	not available	not available	not available	not available	Normal	no depletion	4	no aplicable	WaEL190923_JAK2_R_Wt4_SCX3_F34034	proteomic profiling by mass spectrometry	WaEL190923_JAK2_R_Wt4_SCX3_F34034.raw	https://www.ebi.ac.uk/pride/archive/projects/PXD029965/WaEL190923_JAK2_R_Wt4_SCX3_F34034.raw	3	AC=PRIDE:0000561 ;NT=Strong cation-exchange chromatography (SCX)	AC=MS:1002038;NT=label free sample	1	NT=Orbitrap Fusion Lumos;AC=MS:1002732	NT=Trypsin;AC=MS:1001251	AC=MS:1002416; NT=Orbitrap Fusion	AC=PRIDE:0000563;NT=Reversed-phase chromatography	NT=Carbamidomethyl;AC=UNIMOD:4;TA=C;MT=Fixed	NT=Oxidation;AC=UNIMOD:35;MT=Variable;TA=M	not available	not available	not available	not available	erythrocyte
PXD029965-Sample-119	Homo sapiens	blood	4	erythrocyte	AC=CL:0000558; NT=reticulocyte	not available	not available	not available	not available	Normal	no depletion	4	no aplicable	WaEL190923_JAK2_R_Wt4_SCX4_F34035_191125144430	proteomic profiling by mass spectrometry	WaEL190923_JAK2_R_Wt4_SCX4_F34035_191125144430.raw	https://www.ebi.ac.uk/pride/archive/projects/PXD029965/WaEL190923_JAK2_R_Wt4_SCX4_F34035_191125144430.raw	4	AC=PRIDE:0000561 ;NT=Strong cation-exchange chromatography (SCX)	AC=MS:1002038;NT=label free sample	1	NT=Orbitrap Fusion Lumos;AC=MS:1002732	NT=Trypsin;AC=MS:1001251	AC=MS:1002416; NT=Orbitrap Fusion	AC=PRIDE:0000563;NT=Reversed-phase chromatography	NT=Carbamidomethyl;AC=UNIMOD:4;TA=C;MT=Fixed	NT=Oxidation;AC=UNIMOD:35;MT=Variable;TA=M	not available	not available	not available	not available	erythrocyte
PXD029965-Sample-120	Homo sapiens	blood	4	erythrocyte	AC=CL:0000558; NT=reticulocyte	not available	not available	not available	not available	Normal	no depletion	4	no aplicable	WaEL190923_JAK2_R_Wt4_SCX5_F34036	proteomic profiling by mass spectrometry	WaEL190923_JAK2_R_Wt4_SCX5_F34036.raw	https://www.ebi.ac.uk/pride/archive/projects/PXD029965/WaEL190923_JAK2_R_Wt4_SCX5_F34036.raw	5	AC=PRIDE:0000561 ;NT=Strong cation-exchange chromatography (SCX)	AC=MS:1002038;NT=label free sample	1	NT=Orbitrap Fusion Lumos;AC=MS:1002732	NT=Trypsin;AC=MS:1001251	AC=MS:1002416; NT=Orbitrap Fusion	AC=PRIDE:0000563;NT=Reversed-phase chromatography	NT=Carbamidomethyl;AC=UNIMOD:4;TA=C;MT=Fixed	NT=Oxidation;AC=UNIMOD:35;MT=Variable;TA=M	not available	not available	not available	not available	erythrocyte